nidhi,tyshawnbryan,2020-10-23 21:54:30.350706,bot
nidhi,deldbrudnrzo,2020-10-31 16:43:10.257418,bot
nidhi,mylotterybet,2020-10-31 16:43:38.203902,human
nidhi,l5dicswwmw1z,2020-10-31 16:43:47.354200,bot
nidhi,ddyxjkjn1bwc,2020-10-31 16:43:52.411057,bot
nidhi,tommy521anny,2020-10-31 16:44:08.656884,human
nidhi,danieldamari,2020-10-31 16:44:23.464113,bot
nidhi,lewiszackary,2020-10-31 16:44:28.065989,bot
nidhi,sullivangael,2020-10-31 16:44:32.279336,bot
nidhi,startss12345,2020-10-31 16:44:38.224139,human
nidhi,marlon123451,2020-10-31 16:44:50.527530,bot
nidhi,3nqofjlywv5d,2020-10-31 16:44:55.389970,bot
nidhi,a54kkhoxmqnj,2020-10-31 16:45:01.566546,bot
nidhi,ungl32mwtlyh,2020-10-31 16:45:05.471817,bot
nidhi,h12jygdo4htb,2020-10-31 16:45:09.440062,bot
nidhi,u3fnibr4unpf,2020-10-31 16:45:13.383551,bot
nidhi,xiaolong1314,2020-10-31 16:45:21.310743,bot
nidhi,u44e3lo5ntdz,2020-10-31 16:45:25.670292,bot
nidhi,suuqxa2pl2pp,2020-10-31 16:45:31.858122,bot
nidhi,miguelmalaki,2020-10-31 16:46:20.624117,bot
nidhi,dthrevang4ge,2020-10-31 16:46:27.443904,bot
nidhi,3hvrtfiu1eo1,2020-10-31 16:46:34.322240,bot
nidhi,choijinhong1,2020-10-31 16:46:49.617593,bot
nidhi,nmslnmslnmsl,2020-10-31 16:46:55.066819,bot
nidhi,xu41nig2zccs,2020-10-31 16:46:59.344426,bot
nidhi,bradleybruno,2020-10-31 16:47:03.506716,bot
nidhi,3a5xjsflhrif,2020-10-31 16:47:07.482956,bot
nidhi,by3xl12zczqg,2020-10-31 16:48:38.449086,bot
nidhi,fydhlkdjd4gw,2020-10-31 16:48:42.893900,bot
nidhi,qqvkuivvsqcf,2020-10-31 16:49:02.675355,bot
nidhi,qvylyozsfo45,2020-10-31 16:49:06.874885,bot
nidhi,minjoonlee12,2020-10-31 16:49:11.689038,human
nidhi,rfg51wjudccx,2020-10-31 16:49:15.844291,bot
nidhi,jakobantoine,2020-10-31 16:49:20.362307,bot
nidhi,qdrbywlyxqvq,2020-10-31 16:49:24.454460,bot
nidhi,phlamgj4ukhh,2020-10-31 16:49:28.383304,bot
nidhi,indiemusic55,2020-10-31 16:49:35.113138,bot
nidhi,nh323tzp1vi2,2020-10-31 16:50:04.463563,bot
nidhi,kevindebruyn,2020-10-31 16:50:09.726303,human
nidhi,l13panjlp25v,2020-10-31 16:50:13.874525,bot
nidhi,vi3qllk5k5j4,2020-10-31 16:50:18.672567,bot
nidhi,juanroderick,2020-10-31 16:50:22.530475,bot
nidhi,ckyl3i1sbkgs,2020-10-31 16:51:30.015771,bot
nidhi,txltxltxl111,2020-10-31 16:51:35.315911,bot
nidhi,wdt4nskjfzuq,2020-10-31 16:51:39.120688,bot
nidhi,hmgmzey22fqn,2020-10-31 16:51:43.236123,bot
nidhi,mbe3ij4so2sb,2020-10-31 16:51:48.301195,bot
nidhi,23yryojdviz1,2020-10-31 16:51:53.808735,bot
nidhi,dsptafjss4j2,2020-10-31 16:51:57.709634,bot
nidhi,tg2aemyeelqb,2020-10-31 16:52:01.516383,bot
nidhi,lumingmingeo,2020-10-31 16:52:07.324746,human
nidhi,solcfwneppwv,2020-10-31 16:52:11.341981,bot
nidhi,ds4hslcs2teg,2020-10-31 16:52:15.258837,bot
nidhi,ojwz2yw2u4wd,2020-10-31 16:52:19.773977,bot
nidhi,pl4ceofmoney,2020-10-31 16:52:28.825922,human
nidhi,enriquesoren,2020-10-31 16:52:33.166644,bot
nidhi,technoeosede,2020-10-31 16:52:37.652122,human
nidhi,youngzai1234,2020-10-31 16:52:41.792291,human
nidhi,skylerharold,2020-10-31 16:52:46.373227,bot
nidhi,23bq4xmsvlu1,2020-10-31 16:52:50.698702,bot
nidhi,2lcgfaulprfj,2020-10-31 16:53:07.742621,bot
nidhi,kpx2bxjuq1w1,2020-10-31 16:53:11.906832,bot
nidhi,jasiahcaiden,2020-10-31 16:53:15.667759,bot
nidhi,pvz5dy3ojmu1,2020-10-31 16:53:19.416444,bot
nidhi,1sxjfplsxkdy,2020-10-31 16:53:23.333264,bot
nidhi,ticklish2424,2020-10-31 16:53:28.174490,bot
nidhi,u2zwecxh2ccy,2020-10-31 16:53:31.914235,bot
nidhi,yxutievr1oz3,2020-10-31 16:53:35.551146,bot
nidhi,shawnshi1314,2020-10-31 16:53:41.273404,human
nidhi,icnh122pone4,2020-10-31 16:53:49.232835,bot
nidhi,rhtdj1234512,2020-10-31 16:54:04.413162,human
nidhi,4lp3gnxrbfyc,2020-10-31 16:54:08.681822,bot
nidhi,miguelmalaki,2020-10-31 16:54:12.611425,bot
nidhi,mordozzrollr,2020-10-31 16:54:18.625521,human
nidhi,gy3tamrxgqge,2020-10-31 16:54:23.294699,bot
nidhi,danti5dzfv5o,2020-10-31 16:59:02.961471,bot
nidhi,keithmemphis,2020-10-31 16:59:07.927443,bot
nidhi,3zyoptc1p5vh,2020-10-31 16:59:11.953787,bot
nidhi,csyopgme3u3a,2020-10-31 16:59:34.601453,bot
nidhi,eosjasonlisz,2020-10-31 16:59:39.547165,human
nidhi,bvrgmhd3tql4,2020-10-31 16:59:43.840942,bot
nidhi,wesleychu123,2020-10-31 16:59:48.586368,human
nidhi,aqps2girjslh,2020-10-31 16:59:52.827442,bot
nidhi,ddyxjkjn1bwc,2020-10-31 17:05:17.968397,bot
nidhi,fzcpa1gb3jg3,2020-10-31 17:05:22.459609,bot
nidhi,ujuvckxpkqpx,2020-10-31 17:05:36.439149,bot
nidhi,aqfgejj2yabe,2020-10-31 17:05:40.427144,bot
nidhi,i2hq4otgzpk3,2020-10-31 17:05:43.947261,bot
nidhi,youngzai1234,2020-10-31 17:05:48.545888,human
nidhi,choijinhong1,2020-10-31 17:06:09.975651,bot
nidhi,jmfpbmuonldm,2020-10-31 17:06:14.008819,bot
nidhi,tpzll1hudzjj,2020-10-31 17:06:17.954636,bot
nidhi,5n112vxtsgtq,2020-10-31 17:06:21.593302,bot
nidhi,jordanjagger,2020-10-31 17:06:25.402762,bot
nidhi,rodneywalker,2020-10-31 17:06:38.078143,bot
nidhi,stevenzaiden,2020-10-31 17:06:42.615303,bot
nidhi,killerjoebro,2020-10-31 17:08:41.942260,human
nidhi,whm5krxs3ics,2020-10-31 17:09:02.715552,bot
nidhi,anyx2cfbv5d5,2020-10-31 17:09:07.605088,bot
nidhi,hllw2rowowaw,2020-10-31 17:09:23.839125,bot
nidhi,gqzdqnzugmge,2020-10-31 17:09:30.674262,human
nidhi,2ds2kkktu5yw,2020-10-31 17:09:34.966046,bot
nidhi,pm4hg4m14hvj,2020-10-31 17:09:39.646820,bot
nidhi,tyshawnbryan,2020-10-31 17:09:44.095649,bot
nidhi,jaylinporter,2020-10-31 17:09:58.878726,bot
nidhi,zacheryissac,2020-10-31 17:10:02.936339,bot
nidhi,eostxleos111,2020-10-31 17:10:08.235462,bot
nidhi,cyutxanrejgv,2020-10-31 17:10:14.707304,bot
nidhi,xdowg4renrt1,2020-10-31 17:10:18.896995,bot
nidhi,bgsllrmd5jwx,2020-10-31 17:10:23.032580,bot
nidhi,1lhmswks4wvt,2020-10-31 17:10:26.884207,bot
nidhi,g44temrwgage,2020-10-31 17:10:56.232998,bot
nidhi,guzdcnzrgqge,2020-10-31 17:11:08.626119,human
nidhi,1k32bntf52f4,2020-10-31 17:11:21.083328,bot
nidhi,zrfbanlsdfqt,2020-10-31 17:11:34.425249,bot
nidhi,jldnbqdw2juc,2020-10-31 17:11:38.802969,bot
nidhi,zaidensteven,2020-10-31 17:11:45.380075,bot
nidhi,ucuqjknami4c,2020-10-31 17:11:49.080311,bot
nidhi,o2bvgg1vm1n4,2020-10-31 17:11:52.864509,bot
nidhi,zfidc5igugik,2020-10-31 17:11:56.852717,bot
nidhi,ju4x1zcpdake,2020-10-31 17:12:00.736950,bot
nidhi,jordanjagger,2020-10-31 17:12:04.846466,bot
nidhi,p1fc5qi4ecam,2020-10-31 17:12:08.610908,bot
nidhi,nonzismstart,2020-10-31 17:12:14.085262,human
nidhi,jasperlondon,2020-10-31 17:12:18.324272,bot
nidhi,gb42bergwzpn,2020-10-31 17:12:22.253149,bot
nidhi,lqvahsbnsoha,2020-10-31 17:12:27.125344,bot
nidhi,ruggerchang1,2020-10-31 17:12:31.182968,bot
nidhi,vgf5qodrdkvd,2020-10-31 17:12:36.068002,bot
nidhi,skdi12312311,2020-10-31 17:12:40.158502,bot
nidhi,wjaguagooqym,2020-10-31 17:12:44.400735,bot
nidhi,ssn3lofevlnx,2020-10-31 17:12:48.393268,bot
nidhi,eostokenbase,2020-10-31 17:13:03.383825,human
nidhi,glayazweefbs,2020-10-31 17:13:07.912534,bot
nidhi,yexjo2uuflxn,2020-10-31 17:13:12.534667,bot
nidhi,jdkxmfe4nlnf,2020-10-31 17:13:16.497681,bot
nidhi,zkt55e1hnzty,2020-10-31 17:13:30.058124,bot
nidhi,jasiahcaiden,2020-10-31 17:13:34.130730,bot
nidhi,emp1guifemic,2020-10-31 17:13:42.481507,bot
nidhi,ap31c3n1vtjd,2020-10-31 17:13:49.269150,bot
nidhi,2krx2uapexug,2020-10-31 17:13:53.184440,bot
nidhi,1aisuion2gdh,2020-10-31 17:13:57.155313,bot
nidhi,gyytcmrsgege,2020-10-31 17:14:28.815907,human
nidhi,qdrbywlyxqvq,2020-10-31 17:14:42.104673,bot
nidhi,mjfcjf4rjl1a,2020-10-31 17:14:46.311255,bot
nidhi,2xdg3tpftufa,2020-10-31 17:14:50.187142,bot
nidhi,haroldskyler,2020-10-31 17:15:04.157184,bot
nidhi,hezdcnjxgege,2020-10-31 17:15:08.698359,human
nidhi,xyoufwfb4s3i,2020-10-31 17:15:13.010018,bot
nidhi,afbqjke4t5qb,2020-10-31 17:16:21.059655,bot
nidhi,xbrc4nh22qec,2020-10-31 17:16:34.325972,bot
nidhi,edwardadonis,2020-10-31 17:16:39.440077,bot
nidhi,skylarkarson,2020-10-31 17:16:44.725617,bot
nidhi,marlon123451,2020-10-31 17:16:49.275450,bot
nidhi,p55oeutjeyfd,2020-10-31 17:17:04.363448,bot
nidhi,xxdswe2zkdl5,2020-10-31 17:17:18.573372,bot
nidhi,xnwahpqjq2er,2020-10-31 17:17:22.694802,bot
nidhi,jdkvqowiir1t,2020-10-31 17:17:26.525984,bot
nidhi,jamisonbruce,2020-10-31 17:17:50.111956,bot
nidhi,sinceregrady,2020-10-31 17:17:54.412599,bot
nidhi,h2cwimzwmyym,2020-10-31 17:17:58.163285,bot
nidhi,bidreametwop,2020-10-31 17:18:02.474958,human
nidhi,colemansimon,2020-10-31 17:18:06.713599,bot
nidhi,tg2aemyeelqb,2020-10-31 17:18:10.804136,bot
nidhi,yaohang12345,2020-10-31 17:18:24.886525,bot
nidhi,p2j4ruxtld11,2020-10-31 17:18:28.709917,bot
nidhi,rhtdj1234512,2020-10-31 17:18:33.997039,human
nidhi,sreekanthone,2020-10-31 17:18:38.241756,human
nidhi,zjgzjhshy123,2020-10-31 17:18:42.684697,bot
nidhi,qlgzgvvuga3t,2020-10-31 17:18:46.685913,bot
nidhi,vx2psseibrhy,2020-10-31 17:18:50.495100,bot
nidhi,klszm5jkuy4g,2020-10-31 17:19:05.060026,bot
nidhi,r3p53wirh3xa,2020-10-31 17:19:10.224988,bot
nidhi,eazouq1znvc4,2020-10-31 17:19:57.623225,bot
nidhi,yqqlmgsycl55,2020-10-31 17:20:02.093013,bot
nidhi,p2tlcsjz4qpr,2020-10-31 17:20:05.839877,bot
nidhi,bidreamf4x2w,2020-10-31 17:20:10.853366,human
nidhi,gu3tqobvhage,2020-10-31 17:20:18.352507,human
nidhi,tywr3wxnsfqv,2020-10-31 17:20:22.484010,bot
nidhi,eossoldier11,2020-10-31 17:20:28.301798,human
nidhi,dravenelliot,2020-10-31 17:20:32.476842,bot
nidhi,rywg1mq4zutm,2020-10-31 17:20:47.219812,bot
nidhi,5ie5zd4yujqo,2020-10-31 17:20:53.393134,bot
nidhi,dkwkwx5vc4z4,2020-10-31 17:20:58.018320,bot
nidhi,eq2nlyqcuvek,2020-10-31 17:21:01.717095,bot
nidhi,c5ebfrcodvut,2020-10-31 17:21:06.100120,bot
nidhi,x15l5sc3aisu,2020-10-31 17:21:15.855003,bot
nidhi,j4peav3rljgy,2020-10-31 17:21:30.348262,bot
nidhi,4qmkf23xwodu,2020-10-31 17:21:34.771512,bot
nidhi,3uyyocrdmfjf,2020-10-31 17:21:39.011344,bot
nidhi,supereosman1,2020-10-31 17:21:43.695755,bot
nidhi,q5dgeptkgaew,2020-10-31 17:21:48.366340,bot
nidhi,roxrorox1234,2020-10-31 17:21:52.899536,human
nidhi,i3dc3gdre5ze,2020-10-31 17:21:56.697972,bot
nidhi,2cqtnp2iku4w,2020-10-31 17:22:00.711764,bot
nidhi,wesleychu123,2020-10-31 17:22:04.949059,human
nidhi,zhkj1z2obvnd,2020-10-31 17:22:20.888831,bot
nidhi,vqum1oazl34s,2020-10-31 17:22:25.245896,bot
nidhi,startss12345,2020-10-31 17:22:29.454957,human
nidhi,1rbsxp4b3fm2,2020-10-31 17:22:33.529549,bot
nidhi,1dcrypjazjnf,2020-10-31 17:22:37.309476,bot
nidhi,icnh122pone4,2020-10-31 17:22:57.236526,bot
nidhi,nicolas12344,2020-10-31 17:23:03.098257,bot
nidhi,zjx222222222,2020-10-31 17:23:44.248296,bot
nidhi,s5y3bttnx5bn,2020-10-31 17:23:48.529728,bot
nidhi,kcukdj5gyxzo,2020-10-31 17:24:02.725571,bot
nidhi,ucegchyymzzo,2020-10-31 17:24:06.549144,bot
nidhi,azhxlfzhsasd,2020-10-31 17:24:11.172389,human
nidhi,bidreamiq1xq,2020-10-31 17:24:15.650170,human
nidhi,321goddog123,2020-10-31 17:24:20.951616,bot
nidhi,q1wvijqxb21j,2020-10-31 17:24:25.145268,bot
nidhi,1ozyxwzhheya,2020-10-31 17:24:28.909272,bot
nidhi,xyodo5vumadc,2020-10-31 17:24:32.729067,bot
nidhi,justiceariel,2020-10-31 17:24:36.419723,bot
nidhi,eeu5ttzogjbz,2020-10-31 17:24:40.039242,bot
nidhi,23bq4xmsvlu1,2020-10-31 17:24:43.505365,bot
nidhi,abrahamnigel,2020-10-31 17:24:55.699424,bot
nidhi,cortezandrew,2020-10-31 17:24:59.527971,bot
nidhi,glayazweefbs,2020-10-31 17:25:03.135262,bot
nidhi,skylarkarson,2020-10-31 17:25:07.020040,bot
nidhi,4kacdb4cbsfx,2020-10-31 17:25:10.744070,bot
nidhi,beauterrence,2020-10-31 17:25:14.568657,bot
nidhi,bostonshrimp,2020-10-31 17:25:18.726917,human
nidhi,jaylannathan,2020-10-31 17:25:22.324606,bot
nidhi,liyunshao123,2020-10-31 17:25:35.875927,human
