gu3dimzvguge,bot
g42tgmbshege,bot
jixiango3133,bot
guydknzsgege,bot
gyztqnjwg4ge,bot
eosef1234.tp,bot
hezdonbwgage,bot
infinitoesmm,bot
cuizong11111,bot
gyztaojugege,bot
dogaigaohvwj,bot
hazdsmrwgqge,bot
gu2dcmrzgige,bot
gi4tqnbrgene,bot
gi2tgmjrgege,bot
dongjh311eos,bot
woojinjun321,bot
shaoxing2222,bot
gyytcmrsgege,bot
eosnamkyu135,bot
vrayvrayvray,bot
g44dimzzhage,bot
gy3dimzxg4ge,bot
gu2tenjxguge,bot
ha2tqmjsgqge,bot
j2iztkeybjq1,bot
gu2tamrygyge,bot
love13live14,bot
calisandiego,bot
guytsnzvgyge,bot
gu3dsnbqhege,bot
pfantom54321,bot
gu3tqobvhage,bot
gqydgmrrg4ge,bot
gi2toobxgqge,bot
gq2tmmrsgmge,bot
ge4tinrzhage,bot
heytqnjwgage,bot
guztanbtgige,bot
eosbet5admin,bot
hm2denbrg4gu,bot
eosgjinzero2,bot
hezdcnjxgege,bot
gy3tamrxgqge,bot
ge3tkmrzgyge,bot
gu3dqmzqgege,bot
ggu345srahdg,bot
ha3dgnbygege,bot
tsoooooooooo,bot
gu2dimrzgqge,bot
ge4tcnrxgyge,bot
extemporized,bot
qinjinliang2,bot
czy111222.tp,bot
zahuhuo1o1o2,bot
g44dmnrxg4ge,bot
andreicehan1,bot
yaohang12345,bot
heydcmzwguge,bot
ge3denbrgqge,bot
g42tmojrgage,bot
ebankofronxu,bot
nakajoneso33,bot
gu2tmmjvhege,bot
gm2toobyguge,bot
narniachroni,bot
ha4dcnbwgage,bot
eostokenfire,bot
ge4taobqhege,bot
yingjunmogui,bot
hazdqmbqgage,bot
ge3dmmbsgmge,bot
gu2tinrqguge,bot
sourceeoseos,bot
hazdkmzsgqge,bot
gqzdqnzugmge,bot
ge3tmobxg4ge,bot
1234luckyone,bot
ha3dqnzqgage,bot
guzdcnzrgqge,bot
iwinallgames,bot
gyydinbrgige,bot
eosfinde1234,bot
g42doojxgege,bot
gyytgmjsg4ge,bot
g4ztemrqgage,bot
shapeshyft12,bot
gu4donzwguge,bot
ha3tkmjwgage,bot
choijinhong1,bot
bearjie12345,bot
krishna12345,bot
dannyyue5555,bot
gi3tanbzgene,bot
mordozzrollr,bot
gizdmmrrgyge,bot
gi4tknbygmge,bot
mfdsaaa12345,bot
gu2dcmjqgqge,bot
gu2tmnzwg4ge,bot
ha3tinjvgene,bot
octalmage.tp,bot
g44temrwgage,bot
elwpagy5lbgj,bot
gy3dgmrzhage,bot
wp1azdpdr5ed,bot
guzdkobqhage,bot
12345dancing,bot
shantuma1234,bot
yffyff123451,bot
xiaozceos425,bot
g44tcmzug4ge,bot
kimkyunghyo1,bot
1314ieos1234,bot
gyztcmbrhage,bot
xxdhmc4bo115,bot
gi3dmnzyhege,bot
1314redmaple,bot
g43dinzvgqge,bot
gqzdsnrsgyge,bot
zjgzjhshy123,bot
gu3domagenes,bot
gyytombsgege,bot
gi3temzrgugp,bot
g44dombsg4ge,bot
g4ytknzzgmge,bot
wesleychu123,bot
cryptomanic5,bot
superuser525,bot
hazdomrwgige,bot
gu3tqmjrgage,bot
ge4doobug4ge,bot
lqzplqzplqzp,bot
irishaeosbet,bot
hezdmojthege,bot
gu2daobyhage,bot
mestrmorenho,bot
gy4tcnjrgmge,bot
bmwahqp1trwm,bot
stardlullaby,bot
zhaowenyoung,bot
eoslalalalal,bot
gu2dknjugige,bot
huobiwalletz,bot
gezdmnbtg4ge,bot
gy4tinjrgene,bot
pruewine1234,bot
gqytaobygige,bot
dashatester1,bot
gizdambvgmge,bot
stefanpadure,bot
gm2dsnrygege,bot
courtrichie1,bot
gi3dmnbtgqge,bot
rmgentle1234,bot
1314sdfghjkl,bot
gy2dgnrugyge,bot
suttoken1314,bot
geytgobtguge,bot
g4ztemjugyge,bot
stakedoctor3,bot
typatricks33,bot
hcl123455432,bot
shadowalker3,bot
ha3dimrwhage,bot
georgejungxx,bot
nicolas12344,bot
lover1314123,bot
zengpaul1234,bot
hchn12345432,bot
ge2tsojwhege,bot
trailhead222,bot
zhongyiqiao1,bot
endlessdivdn,bot
gy2tmnbqgage,bot
naturebreeze,bot
withdrawaljp,bot
heaterville1,bot
gi4dcnrugmge,bot
heytqobtg4ge,bot
gy3temrshege,bot
gq3demzqgene,bot
ha4domjugene,bot
leastofthese,bot
aznableaya21,bot
heytinzxgage,bot
guytoobzgyge,bot
syuqing11111,bot
sunshine1212,bot
eosmysteries,bot
crlemon22ivy,bot
12345haoming,bot
huhaibinplus,bot
caishenyeeos,human
pujingpujing,human
obqavcv15n3o,bot
dawoezajadeh,bot
bidream2uiff,bot
firstclass14,bot
prakevin4321,bot
goodandlucky,bot
playeosfor11,bot
reixr4zjeuud,bot
konnerbryson,bot
juanroderick,bot
sorenenrique,bot
atticussilas,bot
sidneydamien,bot
walkerrodney,bot
scottrodolfo,bot
brunobradley,bot
charleslyric,bot
keithmemphis,bot
dravenelliot,bot
cedricarturo,bot
calebtrystan,bot
huntersamson,bot
gilbertjonas,bot
josueaddison,bot
marleyrafael,bot
tylerbrenton,bot
tobiasgunner,bot
jaylinporter,bot
bdnzrj5smfzx,bot
eosvipuser12,bot
zamucrnywhe2,bot
cryptodivid5,bot
tannerjordon,bot
rafaelmarley,bot
lucianocasey,bot
jonahoctavio,bot
kareemdillon,bot
beauterrence,bot
skylerharold,bot
brysonkonner,bot
jordanjagger,bot
landyngerald,bot
lewiszackary,bot
eastonjorden,bot
jaysonkaeden,bot
jordynchance,bot
braidentrace,bot
louisbrennen,bot
aideneliezer,bot
rohanemerson,bot
amarebraydon,bot
winstonedgar,bot
gunnertobias,bot
israelhassan,bot
uriahphillip,bot
kalebquinten,bot
layneeverett,bot
simoncoleman,bot
hassanisrael,bot
landenjustus,bot
devinbeckham,bot
miguelmalaki,bot
griffinhamza,bot
luisclarence,bot
karsonskylar,bot
bryantjaylon,bot
jakobantoine,bot
heathderrick,bot
edgarwinston,bot
elijahdeegan,bot
josephpierre,bot
sullivangael,bot
davionwillie,bot
addisonjosue,bot
abrahamnigel,bot
garrettsamir,bot
nathanjaylan,bot
tristinjavon,bot
terrencebeau,bot
alfonsoramon,bot
bryantyshawn,bot
colemansimon,bot
arthuralvaro,bot
bradleybruno,bot
alexisbrogan,bot
ariguillermo,bot
vaughnbraden,bot
cannonkeaton,bot
samirgarrett,bot
martincullen,bot
collingerman,bot
gerardodavon,bot
kasonrussell,bot
kolbyjameson,bot
sinceregrady,bot
rbxic35k5x3j,bot
cgyal4gfga25,bot
hyoe2oeugvu5,bot
3sowmxqoq25q,bot
fnlsajruz4oa,bot
hlhuicmbkmjn,bot
xu41nig2zccs,bot
dkwkwx5vc4z4,bot
jdkxmfe4nlnf,bot
2fy4cnonc3lt,bot
nfhqbjwazkdn,bot
waxfjvtwaivz,bot
elkuh3cqgsgv,bot
3r3pyou5togf,bot
hzudkj14ssgz,bot
cayxfgphx3ed,bot
1dcrypjazjnf,bot
3nqofjlywv5d,bot
vy5pyt2idkre,bot
bxu1w2eghyp5,bot
bzcz4erf1pw2,bot
p5n5t2nabxaw,bot
ykewyjpwvils,bot
bgsllrmd5jwx,bot
bc5lep5wgvyy,bot
l3tmj3kqhucm,bot
rfg51wjudccx,bot
ar2uou5rxiun,bot
4tsl3lxwooj2,bot
k1et1n1pj2ev,bot
mbe3ij4so2sb,bot
mlz25gvh2ouz,bot
hva2ad2rrpdi,bot
jdkvqowiir1t,bot
mjfcjf4rjl1a,bot
nff2nst1mpmu,bot
byri3kjehzxr,bot
1hgiojq4qqyq,bot
bgethnpwrpbr,bot
emp1guifemic,bot
exrhqmixxf4r,bot
gochcq5uic1r,bot
wz3ddpkdfgwz,bot
w5tb55w2odmv,bot
cyv3sn4k5qms,bot
lpswxs1w4suw,bot
aa25rrxlspdj,bot
ghz2hh5dpp3o,bot
talgvnjoi4yk,bot
ealyzgmsjfmj,bot
fnduuxkqebx5,bot
3etc43cqejw3,bot
5n112vxtsgtq,bot
ach1qbrztf5w,bot
bagjug1tkwi1,bot
jmfpbmuonldm,bot
cwuq1ezwiw3j,bot
vfaiwwgoub54,bot
fiojsuayx5qs,bot
qtpeyiu4ocng,bot
qnmzx4f2totf,bot
qdrbywlyxqvq,bot
3ak3qkajj12s,bot
vq5ngtt2ljdm,bot
u4vri314qxf1,bot
hdgkmdgefdn2,bot
sc3a2lyphiny,bot
nn4h421vd45a,bot
4eib5n3qochn,bot
vqum1oazl34s,bot
zbcalw2gdnnx,bot
oqxozr4elegk,bot
r413l3la5roy,bot
2envc5zax2jg,bot
z1gbxkxsylf5,bot
u44e3lo5ntdz,bot
tg2aemyeelqb,bot
solcfwneppwv,bot
en42zxp3r3k1,bot
z1fr4vdnlnqm,bot
yc5lnvhvwkfe,bot
iv2skdi1oht2,bot
ojwz2yw2u4wd,bot
2canki312qtj,bot
jy3becr4npav,bot
aez5ednmpb45,bot
xbo3d4c1ihh3,bot
msxkq3syrpvm,bot
co3oyolcbnmo,bot
x15l5sc3aisu,bot
bpipsffvzj3v,bot
yyfhwzsousmo,bot
feabnxjzg4cc,bot
klszm5jkuy4g,bot
ossjvzofsfta,bot
ooqzv5sfz5gk,bot
bdiofq3q3zk2,bot
nm3dt2gebe42,bot
mslz3vqpvawd,bot
zuboxrwlypgg,bot
dsptafjss4j2,bot
xddssthnme5h,bot
tcgxfrtsn1iw,bot
u3fnibr4unpf,bot
foomcpuayjgx,bot
w4fcotn5llcs,bot
nmkrbhqdsnjo,bot
kvppbpuovz2b,bot
nqhkzxvqbfa3,bot
2ds2kkktu5yw,bot
3hhao4uoafml,bot
ylpqyajqspwl,bot
d3mrtrst1ome,bot
eivsczyvdhnh,bot
wzlz4d1rhr2u,bot
aqps2girjslh,bot
aqfgejj2yabe,bot
qqhtduij1rrg,bot
1wfnsfsb25y2,bot
np4bzd3pmgxb,bot
gelmgdsitg4w,bot
h12jygdo4htb,bot
24c5djpng1uf,bot
xbrc4nh22qec,bot
ikfqj45ou2fo,bot
yxutievr1oz3,bot
qvylyozsfo45,bot
xy5k4ru543ez,bot
2zx2p4ojyyy4,bot
nooupnwt2gev,bot
pfrbb2wdyga1,bot
wppobt42iyyo,bot
luyflbypgtyu,bot
c5ebfrcodvut,bot
tduokll4tqy2,bot
fydhlkdjd4gw,bot
rbvezbx5vby1,bot
bhksafkpeq31,bot
p4qm4lttwjvn,bot
vjhsjs3zqu13,bot
wpmt1jmkvjjl,bot
qowycsxbhcbh,bot
vhvwpbqa2rln,bot
rrhpmare52on,bot
vjf2mnwxdqf3,bot
jayvonthomas,bot
sheldonaaron,bot
jaggerjordan,bot
lamontlandon,bot
marqueskevin,bot
trystancaleb,bot
brentontyler,bot
deeganelijah,bot
jaylannathan,bot
eliezeraiden,bot
samsonhunter,bot
cortezandrew,bot
yuremmichael,bot
5h4312cv4ypz,bot
3kt4brpbcs4f,bot
yw2kde3scyij,bot
4gdszy54pdnl,bot
2lcgfaulprfj,bot
d2r4bs2d3mdo,bot
qbed3bcgrsue,bot
qlgzgvvuga3t,bot
5bgqrwsnq4ja,bot
pierrejoseph,bot
nhjp5kknkwox,bot
reubenaustin,bot
clarenceluis,bot
mypcjohjv4zf,bot
tkivab5oc45z,bot
kp2iz3ljlzlk,bot
fwkqbl5sp3di,bot
sphp1mglgci4,bot
aj4jyoziovr5,bot
xgvkqndmt1rm,bot
w4eovmz5bzbq,bot
1rmcv1wws1ja,bot
bueozfcsrltq,bot
lyriccharles,bot
ime1vvx2jssr,bot
hkxwbqhqm2v3,bot
23bq4xmsvlu1,bot
dq3zarlwyuk3,bot
beckhamdevin,bot
zaidensteven,bot
malakimiguel,bot
ob132uy5242u,bot
tyshawnbryan,bot
aaravtristan,bot
roderickjuan,bot
ujg1eu5ltz5a,bot
yaajunhz2a4o,bot
ztefultajuws,bot
zd242zv5x4jt,bot
laytonsawyer,bot
kylanroberto,bot
gradysincere,bot
aronnickolas,bot
ashtontyrese,bot
jordeneaston,bot
nickolasaron,bot
kyledemarion,bot
landonlamont,bot
memphiskeith,bot
thomasjayvon,bot
emersonrohan,bot
brennenlouis,bot
adriangordon,bot
jamesonkolby,bot
kymanijavier,bot
dominicethen,bot
jaydinmarcos,bot
wyattbernard,bot
nigelabraham,bot
geraldlandyn,bot
austinreuben,bot
marcosjaydin,bot
derrickheath,bot
jonasgilbert,bot
kaedenjayson,bot
phillipuriah,bot
maximusemery,bot
porterjaylin,bot
tracebraiden,bot
dillonkareem,bot
zacheryissac,bot
warrennelson,bot
matiaskaiden,bot
stevenzaiden,bot
issaczachery,bot
yusufbraxton,bot
quintonorion,bot
antoinejakob,bot
davongerardo,bot
jasiahcaiden,bot
hudsonfranco,bot
dawsonderick,bot
bradenvaughn,bot
zackarylewis,bot
dorianyandel,bot
cullenmartin,bot
quincykeagan,bot
arturocedric,bot
finleyjaylen,bot
keeganraiden,bot
owenreynaldo,bot
francohudson,bot
edwardadonis,bot
jamisonbruce,bot
emerymaximus,bot
kennethblaze,bot
rodolfoscott,bot
javierkymani,bot
alvaroarthur,bot
robertokylan,bot
brucejamison,bot
lantallantal,bot
derickdawson,bot
jordontanner,bot
russellkason,bot
roninjeffrey,bot
cadenjovanni,bot
orionquinton,bot
gaelsullivan,bot
keatoncannon,bot
jaylonbryant,bot
sawyerlayton,bot
jaircristian,bot
yandeldorian,bot
caidenjasiah,bot
braydonamare,bot
hamzagriffin,bot
caseyluciano,bot
yairfernando,bot
jasperlondon,bot
skylarkarson,bot
arieljustice,bot
fernandoyair,bot
justuslanden,bot
jaylenfinley,bot
silasatticus,bot
cristianjair,bot
rodneywalker,bot
braxtonyusuf,bot
tristanaarav,bot
nelsonwarren,bot
haroldskyler,bot
adonisedward,bot
chancejordyn,bot
williedavion,bot
guillermoari,bot
kdhcewpyskmo,bot
elliotdraven,bot
ramonalfonso,bot
zrg3tmcnl4o2,bot
eipk2emamjqx,bot
5gwnhrvlrixi,bot
gt2toxnkt1nz,bot
xdowg4renrt1,bot
jr4q4gmxie1n,bot
w24cz2evojvx,bot
xkhxsuc2wdgh,bot
4f2mkg4cqsyy,bot
vztc1lq5wi2i,bot
anyx2cfbv5d5,bot
cdpwiqau5cqv,bot
xednwcuqs5ab,bot
ehvyjbs3aols,bot
hbgokizsoo5l,bot
p2tlcsjz4qpr,bot
wzmsvggfdh3t,bot
g3cywduiax5l,bot
2xdg3tpftufa,bot
qvw42ixbabzf,bot
2czna1w2h2kc,bot
fzcpa1gb3jg3,bot
nd1ahm1dcadj,bot
ly2x1cwt1tjw,bot
acecfpkjs5vw,bot
js13k1sl2t2p,bot
dj4ywiqfgb3y,bot
fi1biyutnhrl,bot
srflzy11zgi5,bot
pkhlnbzzbjfi,bot
lqvahsbnsoha,bot
ikwa4n2ynnhl,bot
atwiyfwds3to,bot
xqgbedaoahev,bot
mpmjyuxvfqau,bot
kpx2bxjuq1w1,bot
w2hfwswlfj5x,bot
tywr3wxnsfqv,bot
fugjewaz2qrm,bot
gmnxaeqwelqb,bot
fqccealti1so,bot
1aisuion2gdh,bot
d1lsqpi1fj13,bot
5rej2qp14dov,bot
hhcaryinfwfk,bot
sf1dsijonbeb,bot
3pumb2qqacs3,bot
ffwuzzwt43io,bot
2ls2t3lfbxqp,bot
loopbhvbrlzi,bot
3abyhffwmutq,bot
zbsjugubwszl,bot
yrvpard1pvqd,bot
tbis5usofvpy,bot
geegfwuvlixi,bot
yuxgmzqrrrie,bot
zkkg1ufiizbm,bot
r5kercawyl5z,bot
u5fgyg4ztrhv,bot
mofl2feru4uw,bot
huufipkwvml4,bot
4qmkf23xwodu,bot
hxg1ltnpsqce,bot
jeffreyronin,bot
kevinmarques,bot
javontristin,bot
enriquesoren,bot
londonjasper,bot
keaganquincy,bot
aaronsheldon,bot
damiensidney,bot
e24nikemrw33,bot
tfbyqh5giaww,bot
jpzru2rrfqsf,bot
mu5pxgjuflg3,bot
1n4h3eylvdkx,bot
2vsmcafdfhug,bot
i3dc3gdre5ze,bot
r5h1mw1l5klq,bot
xzyfu2rv5ppg,bot
xyodo5vumadc,bot
1rbsxp4b3fm2,bot
ig2egof2iyhc,bot
1phagtyzxye5,bot
sbt4zkjqyjik,bot
broganalexis,bot
1g2af1avccow,bot
okvcjvf1u2yi,bot
onyeakhxqljo,bot
rywg1mq4zutm,bot
4k5gyczg5txc,bot
ovymszwwegal,bot
5n2xhtawjgmd,bot
lsk53tucsmnh,bot
3fthx4eluzbt,bot
sgdj2tfei2td,bot
by3xl12zczqg,bot
gvani4jyf4pw,bot
cwnojbpimzp5,bot
ethendominic,bot
bjocd45kqywg,bot
1ozyxwzhheya,bot
44kouzfwmiaw,bot
xrjagkkdx3bu,bot
ucegchyymzzo,bot
wwokbdtj53bl,bot
babe2zksennu,bot
tjmppx2tc1gk,bot
k3curgh5uz2b,bot
xvpuwqv2a42x,bot
glayazweefbs,bot
iu3llpclu2zm,bot
pvz5dy3ojmu1,bot
bupyrafvyprr,bot
qmeoruitsb2m,bot
ggzl52oalczi,bot
d153zdhintvc,bot
vbmm2gymtfbn,bot
xyoufwfb4s3i,bot
x23tncalamgl,bot
vojx3aau55p5,bot
ozlf2jbjwtbw,bot
1iqs4obbhihf,bot
44b1k43c3obm,bot
juqhv2nfsjq5,bot
cjbq4idj4x4x,bot
swf2y41iyztu,bot
vmlzfyk1tbnk,bot
bfbryj5ihrs4,bot
u2zwecxh2ccy,bot
5dlhdxfrw513,bot
vx2psseibrhy,bot
eazouq1znvc4,bot
wyabtomuwfgi,bot
3jej1w3c4s5l,bot
tcp14vjv54ew,bot
r3p53wirh3xa,bot
i2fizmbd4xry,bot
1sxngcvgd133,bot
c2vldsja2zq4,bot
32xpuj2unecs,bot
h2cwimzwmyym,bot
fsotz4xsczeh,bot
mnemypndnhoi,bot
xvtlutpplkjc,bot
axafnjkbldbc,bot
sgekkmoszi1q,bot
fj4r1rn3shul,bot
4gvt4lcjyang,bot
mgioythilq3y,bot
bvrgmhd3tql4,bot
kzcjigswqx5g,bot
1ffyqhg4rmbk,bot
vi3qllk5k5j4,bot
zduuujkac5lp,bot
ap31c3n1vtjd,bot
eq2nlyqcuvek,bot
jifx3yvlgzya,bot
spixuyjtgf5s,bot
3hhpg2cwelyf,bot
vvh2ayxp5vp2,bot
wojwitff1rud,bot
ckgtlvu5surb,bot
uwutic1jauiu,bot
kzsydsnzfvlf,bot
2olgvf5qe54x,bot
goax5gleosf5,bot
yp5wdcx5rfja,bot
2nzqbirt3tma,bot
qohs5fdovabv,bot
ry2jpkjloykf,bot
1jzcgmtoxjxy,bot
btfywkyexjvj,bot
1k32bntf52f4,bot
ucuqjknami4c,bot
3hvrtfiu1eo1,bot
b2ow1o34i5vd,bot
o2bvgg1vm1n4,bot
slbsvlgjd43w,bot
ywshjcgesivh,bot
3wog51qjhiwg,bot
xlwsgqmxlmjd,bot
howvbnemaftk,bot
zd343apk4avo,bot
j4peav3rljgy,bot
kz245nquxrn2,bot
1sxjfplsxkdy,bot
uzjg2xzpkvst,bot
o4zqgxowvifl,bot
xo4q4v5lparp,bot
xcxdcl2fxope,bot
opo22srdy3tc,bot
momyvuvubdtw,bot
lh32ssl5vx2g,bot
yevjxuz32j1w,bot
ifzkyg5ulapd,bot
3ykotkvf1uap,bot
1saw2tuiqhku,bot
usvd1e33fukh,bot
ungl32mwtlyh,bot
e12sqvfntbd2,bot
zrfbanlsdfqt,bot
4kacdb4cbsfx,bot
pdubh53rfnlk,bot
r1opumib5ox2,bot
isakjzfuvf5j,bot
hnzbst1ilowi,bot
z35w1j2anyx1,bot
ddyxjkjn1bwc,bot
nkvvk3fhynj4,bot
es1d2te3chvk,bot
f2lfqvpse4ze,bot
22n4tlyaxgpl,bot
3wexrprzpm5p,bot
oykkyts52wek,bot
euf4kafchaxf,bot
ds3qn3fepdp3,bot
abywvfaa1l4r,bot
wldk2crv4c5e,bot
uzrog4jdtg5a,bot
fvcqmmageqbe,bot
nipg4bhrypjb,bot
uxl3jug2bjor,bot
nwd3vmgcpkfc,bot
phlamgj4ukhh,bot
qfm4mtpir1jl,bot
2oyzadycnmre,bot
iizdbvw1isti,bot
mmhncpoiedra,bot
tfvg4gnsnoqd,bot
2samptqqrim2,bot
ppnjzuy5bbvp,bot
2ofx1rupnft5,bot
keomcdrbhclq,bot
vrrwx1j44i3m,bot
afbqjke4t5qb,bot
5byoswoiptvv,bot
1lhmswks4wvt,bot
hwmwu4f1izf2,bot
x4ujbedchco4,bot
1lc211j5mu1u,bot
fmsziej5pvl5,bot
re5d2rlkni24,bot
f1xaab1b3jdo,bot
yzpekrdk2wit,bot
p2j4ruxtld11,bot
eeu5ttzogjbz,bot
4lalm4xlybna,bot
j2n3mhhpeatv,bot
oeefk3m3jelq,bot
l5zjogbksfhk,bot
cvhiuo5aukqa,bot
wjaguagooqym,bot
xscmn5qd233q,bot
idcijfvlydvy,bot
cmcobvdyw2rf,bot
2xbb2isyxv5v,bot
jydsmppukeva,bot
ppmyhhxmgxer,bot
4lgoconnxlej,bot
nep3wkfwxgty,bot
ghqmdgyd2aa3,bot
qqx3soborczm,bot
l13panjlp25v,bot
h4uxhvptiqbv,bot
enjq2yx5bn25,bot
bspqtqalxrgu,bot
qllvicm4mbxp,bot
p55oeutjeyfd,bot
svo1wmnlqe5e,bot
oalbozhzuqvo,bot
x1rwym15ycis,bot
ockfyuyd5che,bot
q3uip23k5gmo,bot
vqi3gnslwwsh,bot
nh323tzp1vi2,bot
gxtdw1qkfdzy,bot
uujhsmgjpkk4,bot
b2gbwiudopaq,bot
dba2havkicfk,bot
pffwq4ernrwh,bot
r3cdcp4uvlqa,bot
kqaztynethxt,bot
fchztynlztsl,bot
qk4xmprlkecd,bot
5wlrn55qhkuo,bot
dfr2wfqenu2c,bot
xihapfwfnd3t,bot
qevhw2jt5tvy,bot
h3qrvll1xhoo,bot
ssqrlfqikmk3,bot
pktoomyy5qy5,bot
x4i1m3wq5quc,bot
pkaxkbugho4o,bot
4qshian5tkvo,bot
xwpm1gknvhrn,bot
kbolwqj52z1i,bot
l5l2gyn2ubxc,bot
ro44ykbrgteo,bot
kgfoyweggywz,bot
yexjo2uuflxn,bot
cr5xmdz1jqwx,bot
n4osdeu5zxbt,bot
enlewtwwyt23,bot
clwpf1q3xksh,bot
miom3vxoyiki,bot
ufvmlz3ye3fq,bot
ekwnubbggqt4,bot
ypuljqbbwkoq,bot
xon1xaxmu1n2,bot
q5dgeptkgaew,bot
yh5wueztyigv,bot
3rj4jzvxdtma,bot
ujwjhjlgm5qk,bot
pqvmoe4mutpr,bot
zu1t1orl5t2e,bot
23yryojdviz1,bot
go21vudlkh2n,bot
kuhregrfiwsy,bot
3n2zjvpiwy5h,bot
jb3ugjvz32dc,bot
2fbxo4oybp4y,bot
b44ysfrolwbd,bot
j4fhwdfdu3so,bot
vs4o1nzamzmk,bot
peumho3rhd4z,bot
oquegxblk3q1,bot
5eiq2llocks2,bot
gls33rnhzto2,bot
csyopgme3u3a,bot
yygmorjosqh1,bot
ddvl5cjg2p5c,bot
1ddqngdbudf4,bot
orw1aoj3i22g,bot
feonhgtba4n3,bot
s2bnzmhbw52g,bot
kivupzycz4kg,bot
2tk2acvocpnj,bot
x54hucxpjxnp,bot
zdyart23kgno,bot
kofyjykthrgr,bot
yc4g5zi2c2ey,bot
uomcksujpeer,bot
xhwktbny3exu,bot
4ghg5ebuowoh,bot
wytxsfoqfdpt,bot
kdzol5e2lbic,bot
zkt55e1hnzty,bot
cdfiarbzxiyx,bot
bgkl5yvoyvji,bot
xxm1uyxgdlqy,bot
443decjttait,bot
yn2yes2diftp,bot
xcyinav1btm4,bot
uw5cfgwtvnnz,bot
i4pebj2lk12m,bot
cg4txiwjlnta,bot
tlqmyk5kqpf2,bot
lydimpughclz,bot
weghgnoatkkg,bot
hpqau4rsjhjv,bot
q1wvijqxb21j,bot
fkytmyarecga,bot
lu2aibz21pgk,bot
3g5yjfhokfbk,bot
ul5c351tnifs,bot
qqvkuivvsqcf,bot
azwtqvsdeap2,bot
irwrdohrnnjx,bot
15i1b2v332gv,bot
jhlq1ng3yygl,bot
4r2dgtcx4iek,bot
uraceazmnono,bot
hmgmzey22fqn,bot
quul3vnbsyle,bot
3spmhlthmf5s,bot
aqc4sopsqam4,bot
ixysfcmvtjsx,bot
duprwf2jaieq,bot
3uyyocrdmfjf,bot
ju4x1zcpdake,bot
zhkj1z2obvnd,bot
l4bgu3vxnorc,bot
ahskmtbqixy2,bot
k5f2eiciuolm,bot
wmksmyvjy1ag,bot
ut3mthqgluol,bot
fqcb32r4rylf,bot
vnsskuxyqmyq,bot
43usycce3ob5,bot
dqhszmtvi2q2,bot
4qcrwbuvnkaj,bot
wsua2qacu51z,bot
ujuvckxpkqpx,bot
ds4hslcs2teg,bot
vgf5qodrdkvd,bot
4gkhirqesen1,bot
qqsfnwmx4rxs,bot
cyutxanrejgv,bot
g3ppvad5wrt3,bot
qqtlh3fsmx4r,bot
rxhzurg1ajbq,bot
3a5xjsflhrif,bot
byedcnzr3itn,bot
vq4zepe21bne,bot
whm5krxs3ics,bot
i1m4ptfjjt4w,bot
ryk1tcg4lneb,bot
jkdsdsiotca5,bot
eccu2q51l1pi,bot
j1yschmhh44u,bot
245vgfmuj5k5,bot
xpsw4ctxmcdj,bot
yvpqdcmz1fii,bot
bbhr4k5jretp,bot
5otihgz2f5en,bot
ndfd3vw1jy3z,bot
4q1ce5211dme,bot
3zyoptc1p5vh,bot
nwsaoody3l1l,bot
4qknoa11habd,bot
chkzosm5w34q,bot
2vdjxwgz3cge,bot
l5dicswwmw1z,bot
i45jjq45lnph,bot
x2jkfkyoqhaa,bot
p1fc5qi4ecam,bot
4qrmprxkdj1g,bot
zn12xtkgrcau,bot
5yqfnspwg4my,bot
3orjtw4bgild,bot
wx53kjsss4wc,bot
jldnbqdw2juc,bot
cabfy13q4kno,bot
gfnlxnfzvpua,bot
zejw5xgdglq2,bot
idyczssahh2b,bot
xfpla1otgydn,bot
x4ypgtsyisa1,bot
jt3ctpkvzl3z,bot
klhjk2ys5vne,bot
gb42bergwzpn,bot
t4ljiwiwrq5s,bot
bjxn25umbkyd,bot
jvymyrh1sp1h,bot
2v2kki15qzir,bot
j1tmjdtqtokt,bot
f3d3xkuekozd,bot
1af4gv2nrpw5,bot
2fegxteeensm,bot
p5g1rfciiwgn,bot
ckyl3i1sbkgs,bot
oqwc3fgyyhbb,bot
nkznbym3rtsq,bot
qxjk2j5bpsqt,bot
2krx2uapexug,bot
vwxgaeku3zmn,bot
l4giwklsbsdj,bot
pgqyrnwuo5ev,bot
h5j34pilblyz,bot
pfcemddjinjv,bot
l4ndjeejv3oi,bot
a5n3fi43mb1k,bot
ak3k4sukitsq,bot
bihfeaupske1,bot
4seld54pmofr,bot
pxdhtwfhnmqt,bot
3rzdj4e3mlii,bot
u4lnwgvxdjhe,bot
fx3afyynv1b1,bot
ffrcikflwqts,bot
foiht3arqxbr,bot
t225diuo2hyz,bot
jmmppuloxusp,bot
s5y3bttnx5bn,bot
dtxasn5t5qtw,bot
icf2ns111f4w,bot
5bwmmkbv4mwr,bot
kn4jrlbbjfjd,bot
5oamqyuvh52y,bot
i3l1gbvalyqw,bot
jxuiwucfqqpi,bot
3wqsikgb4n1d,bot
wzhrhmnwqxbl,bot
dsfrm2mjwwwq,bot
mmegoizz3gix,bot
zpejevem4pst,bot
eajs1dlpwmst,bot
b3ulrtpwyw2j,bot
bav5fytlleou,bot
54uzgq5xbfru,bot
k51fjv52e4ob,bot
a54kkhoxmqnj,bot
y2kva2nkhnh3,bot
xnwahpqjq2er,bot
p4cffdgh1fmw,bot
lxa3ahokt4zf,bot
xxdswe2zkdl5,bot
dtxhynfmpvgs,bot
mbtfaoytv31o,bot
hsan341k2qfh,bot
hoqymrzxxf1k,bot
rcs4omcplk13,bot
jtt33eq22eua,bot
a1gfrwsnilrk,bot
xi1yf4jipshe,bot
h3xxglqbzcuw,bot
2fcvuwkurrx1,bot
x52yqgpil5ud,bot
nxzbf3fz4brb,bot
nckj42dit5sb,bot
u3mxz5ddol5h,bot
kcukdj5gyxzo,bot
cklyt1ltgspx,bot
d2iz1vgivqqm,bot
1shj1xuisczb,bot
h1bygnbudazq,bot
4gtfg5wsve43,bot
wghln4tpkpao,bot
gkdrnfjaggwk,bot
ro1rhpebylsn,bot
j24mkhg2kkxu,bot
41mxpjhpdkgo,bot
42n1ydsfgw5i,bot
ymzz3g3ibbkq,bot
l3bxgn4uo1qp,bot
jkjoe4owoop1,bot
ez24yxfbuwf2,bot
jlwbdec3w1ty,bot
a4p1ymtiujbm,bot
fovnfgugsubk,bot
2tro1s1b3ib3,bot
lpqy1gmkj1gm,bot
xdxnyfze5o15,bot
pkoe3g2owkx2,bot
wuwjg1hmncbu,bot
fpxeoyr1nreg,bot
tkgraipwxdq1,bot
tpzll1hudzjj,bot
hrnbovoflatt,bot
3vt3ryluhi4c,bot
tkvp5ppf5gcz,bot
4po1ovhem2y3,bot
deldbrudnrzo,bot
rz1sb2nkgdpt,bot
dpelhjtrposk,bot
gigbugxqftbz,bot
bfhbjyjcvo3w,bot
5ux2gs1iul1j,bot
gokonp2fsznd,bot
suuqxa2pl2pp,bot
lnblfqny11qe,bot
it1mqxag1jwb,bot
ytz1zzyroran,bot
4qrrhhqzyze3,bot
42alvwxqgsho,bot
i4audub35d4r,bot
54qov3j1bldz,bot
ai4xugiautsr,bot
ytqbhob3jv4h,bot
fbtumykssyjv,bot
zfidc5igugik,bot
ia3einsujirs,bot
ke3ikfvawoge,bot
kppo2xfhiru1,bot
nc2tebbbh4gw,bot
qndkqf3y4aqo,bot
ujgs2xjsfzpg,bot
uaigb4ummspb,bot
mcpqnknx15hq,bot
hllw2rowowaw,bot
re3f454u2ryt,bot
kmvyxwj1q5xa,bot
pm4hg4m14hvj,bot
qbwxdeohq2un,bot
5gmusuah3iuw,bot
njwqznh2zznh,bot
lhiejrdq1t2p,bot
4pmfh5luz4i1,bot
i2hq4otgzpk3,bot
danti5dzfv5o,bot
uit1aag32bsm,bot
aaaa41324132,bot
wo3rsnvw4zvn,bot
m4ilujs3gzdq,bot
n2gwhu32qsvb,bot
3v414p1kwbyr,bot
wdt4nskjfzuq,bot
xhmbzdrlzney,bot
2cqtnp2iku4w,bot
ssn3lofevlnx,bot
afd4ctrpcer1,bot
beirwpuugtkm,bot
ycdzhtpheges,bot
4lp3gnxrbfyc,bot
cuizhi123451,bot
