12345dancing,human
12345haoming,human
14wkee4teosd,human
1af4gv2nrpw5,bot
1aisuion2gdh,bot
1dcrypjazjnf,bot
1k32bntf52f4,bot
1lhmswks4wvt,bot
1ozyxwzhheya,bot
1phagtyzxye5,bot
1rbsxp4b3fm2,bot
1sxjfplsxkdy,bot
22n4tlyaxgpl,bot
23bq4xmsvlu1,bot
23yryojdviz1,bot
24eos24eos24,bot
2canki312qtj,bot
2cqtnp2iku4w,bot
2ds2kkktu5yw,bot
2fcvuwkurrx1,bot
2fy4cnonc3lt,bot
2krx2uapexug,bot
2lcgfaulprfj,bot
2ls2t3lfbxqp,bot
2nzqbirt3tma,bot
2ofx1rupnft5,bot
2oyzadycnmre,bot
2samptqqrim2,bot
2vsmcafdfhug,bot
2xdg3tpftufa,bot
2zx2p4ojyyy4,bot
321goddog123,bot
3a5xjsflhrif,bot
3abyhffwmutq,bot
3etc43cqejw3,bot
3hvrtfiu1eo1,bot
3nqofjlywv5d,bot
3pumb2qqacs3,bot
3r3pyou5togf,bot
3uyyocrdmfjf,bot
3v414p1kwbyr,bot
3wog51qjhiwg,bot
3zyoptc1p5vh,bot
41mxpjhpdkgo,bot
42n1ydsfgw5i,bot
44kouzfwmiaw,bot
4eib5n3qochn,bot
4k5gyczg5txc,bot
4kacdb4cbsfx,bot
4lalm4xlybna,bot
4lp3gnxrbfyc,bot
4pmfh5luz4i1,bot
4q1ce5211dme,bot
4qknoa11habd,bot
4qmkf23xwodu,bot
4r2dgtcx4iek,bot
51goplaydapp,human
54321.x,human
54qov3j1bldz,bot
5eiq2llocks2,bot
5gmusuah3iuw,bot
5gwnhrvlrixi,bot
5h4312cv4ypz,bot
5ie5zd4yujqo,bot
5n112vxtsgtq,bot
5otihgz2f5en,bot
5rej2qp14dov,bot
5ux2gs1iul1j,bot
5wlrn55qhkuo,bot
a21234512345,human
a54kkhoxmqnj,bot
aaronsheldon,bot
abrahamnigel,bot
abywvfaa1l4r,bot
ach1qbrztf5w,bot
addoilnobody,bot
adriangordon,bot
afbqjke4t5qb,bot
ai4xugiautsr,bot
alfonsoramon,bot
altzook33p3r,human
alvaroarthur,bot
amiaoeos1234,human
anatolia1453,human
anyx2cfbv5d5,bot
ap31c3n1vtjd,bot
aqc4sopsqam4,bot
aqfgejj2yabe,bot
aqps2girjslh,bot
arieljustice,bot
arthuralvaro,bot
ashtontyrese,bot
azhxlfzhsasd,human
azwtqvsdeap2,bot
b2gbwiudopaq,bot
bagjug1tkwi1,bot
bansheecobbb,bot
beauterrence,bot
beckhamdevin,bot
beirwpuugtkm,bot
bfhbjyjcvo3w,bot
bgsllrmd5jwx,bot
bidream2uiff,bot
bidreametwop,human
bidreamf4x2w,human
bidreamiq1xq,human
bidreamur1vx,bot
bitbackoffce,human
bitcoinmeist,human
bmwahqp1trwm,human
bostonshrimp,human
bradenvaughn,bot
bradleybruno,bot
braidentrace,bot
brennenlouis,bot
brucejamison,bot
brunobradley,bot
brysonkonner,bot
bspqtqalxrgu,bot
btfywkyexjvj,bot
bvrgmhd3tql4,bot
by3xl12zczqg,bot
bzcz4erf1pw2,bot
c5ebfrcodvut,bot
cabfy13q4kno,bot
caseyluciano,bot
cedricarturo,bot
cg4txiwjlnta,bot
charleslyric,bot
chkzosm5w34q,bot
choijinhong1,bot
ckyl3i1sbkgs,bot
cmcobvdyw2rf,bot
colemansimon,bot
computerking,human
cortezandrew,bot
cristianjair,bot
cryisharisha,bot
csyopgme3u3a,bot
cvhiuo5aukqa,bot
cyutxanrejgv,bot
cyv3sn4k5qms,bot
cyz123455432,human
d153zdhintvc,bot
d2r4bs2d3mdo,bot
d3mrtrst1ome,bot
danieldamari,bot
danti5dzfv5o,bot
davidgilmour,human
dawoezajadeh,bot
ddvl5cjg2p5c,bot
ddyxjkjn1bwc,bot
deldbrudnrzo,bot
denismario44,human
dequaywallet,bot
devinbeckham,bot
dillonkareem,bot
dkwkwx5vc4z4,bot
dpelhjtrposk,bot
dravenelliot,bot
ds4hslcs2teg,bot
dsptafjss4j2,bot
dthrevang4ge,bot
dtxhynfmpvgs,bot
eazouq1znvc4,bot
eazywizzyy12,human
edwardadonis,bot
eeu5ttzogjbz,bot
eipk2emamjqx,bot
eliezeraiden,bot
elijahdeegan,bot
emp1guifemic,bot
enjq2yx5bn25,bot
enriquesoren,bot
eosatm.e,human
eosbangjh123,human
eosbet5admin,human
eoseoscrypto,human
eosjasonlisz,human
eospay432eos,human
eostesting22,human
eostokenbase,human
eostxleos111,bot
eoswalletios,bot
eoswinwwweos,bot
eq2nlyqcuvek,bot
exrhqmixxf4r,bot
ez1ez1ez1.m,human
feabnxjzg4cc,bot
firstclass14,bot
fnlsajruz4oa,bot
foiht3arqxbr,bot
fpvzasngxtm5,human
fqccealti1so,bot
futurecolazb,human
fvcqmmageqbe,bot
fydhlkdjd4gw,bot
fzcpa1gb3jg3,bot
g3ppvad5wrt3,bot
g42tmojrgage,human
g44temrwgage,bot
g4ytknzzgmge,bot
gardenisland,human
gb42bergwzpn,bot
ge4tcnrxgyge,human
geegfwuvlixi,bot
gerardodavon,bot
gi2tgmjrgege,bot
gkdrnfjaggwk,bot
glayazweefbs,bot
gqydgmrrg4ge,bot
gqzdqnzugmge,human
gu2dcmjqgqge,bot
gu2tenjxguge,human
gu3dsnbqhege,bot
guma3debacue,bot
guzdcnzrgqge,human
gxtdw1qkfdzy,bot
gy3tamrxgqge,bot
gyytcmrsgege,human
h12jygdo4htb,bot
h1bygnbudazq,bot
h2cwimzwmyym,bot
h3qrvll1xhoo,bot
h5j34pilblyz,bot
ha2tqmjsgqge,bot
ha3dqnzqgage,human
ha3tkmjwgage,human
hamzagriffin,bot
hanxiaoyan11,human
harmonyone21,bot
haroldskyler,bot
hazdkmzsgqge,bot
hdgkmdgefdn2,bot
heaterville1,human
helloworldzc,human
heytqobtg4ge,human
hezdcnjxgege,human
hkxwbqhqm2v3,bot
hllw2rowowaw,bot
hmgmzey22fqn,bot
huufipkwvml4,bot
hwiyeong1234,human
hyeonseokeos,bot
i2fizmbd4xry,bot
i2hq4otgzpk3,bot
i3dc3gdre5ze,bot
iamrichpiano,human
icnh122pone4,bot
ilpasssatore,bot
indiemusic55,bot
isakjzfuvf5j,bot
iv2skdi1oht2,bot
ixysfcmvtjsx,bot
j2n3mhhpeatv,bot
j4fhwdfdu3so,bot
j4peav3rljgy,bot
jakobantoine,bot
jakusz123m45,human
jamisonbruce,bot
jangmarie312,human
jasiahcaiden,bot
jasperlondon,bot
javierkymani,bot
jaylannathan,bot
jaylenfinley,bot
jaylinporter,bot
jaylonbryant,bot
jayvonthomas,bot
jdkvqowiir1t,bot
jdkxmfe4nlnf,bot
jiaxueyifang,human
jixianglanzh,bot
jize12341234,bot
jkdsdsiotca5,bot
jldnbqdw2juc,bot
jlwbdec3w1ty,bot
jmfpbmuonldm,bot
jordanjagger,bot
jordeneaston,bot
jpzru2rrfqsf,bot
jt3ctpkvzl3z,bot
ju4x1zcpdake,bot
juanroderick,bot
junjinwoo321,human
justiceariel,bot
jxuiwucfqqpi,bot
k1et1n1pj2ev,bot
k5f2eiciuolm,bot
kaedenjayson,bot
kcukdj5gyxzo,bot
kdzol5e2lbic,bot
keeganraiden,bot
keithmemphis,bot
kennethblaze,bot
keomcdrbhclq,bot
kevindebruyn,human
kgfoyweggywz,bot
killerjoebro,human
kimfitrialov,human
kissy1111111,human
klszm5jkuy4g,bot
kpx2bxjuq1w1,bot
kylanroberto,bot
kzcjigswqx5g,bot
l13panjlp25v,bot
l3tmj3kqhucm,bot
l5dicswwmw1z,bot
l5zjogbksfhk,bot
landyngerald,bot
leonatcanada,human
lewiszackary,bot
lhiejrdq1t2p,bot
liyunshao123,human
londonjasper,bot
lordofavalon,human
lpqy1gmkj1gm,bot
lqvahsbnsoha,bot
lqzplqzplqzp,bot
lu2aibz21pgk,bot
lucianocasey,bot
lumingmingeo,human
luyflbypgtyu,bot
lxa3ahokt4zf,bot
lydimpughclz,bot
lzdhyclnj123,bot
m4ilujs3gzdq,bot
marlon123451,bot
martincullen,bot
maximusemery,bot
mbe3ij4so2sb,bot
mbtfaoytv31o,bot
miguelmalaki,bot
minjoonlee12,human
mjfcjf4rjl1a,bot
mmegoizz3gix,bot
mmhncpoiedra,bot
mofl2feru4uw,bot
mordozzrollr,human
mslz3vqpvawd,bot
msxkq3syrpvm,bot
mylotterybet,human
n2gwhu32qsvb,bot
nathanjaylan,bot
nature543215,human
ndfd3vw1jy3z,bot
nelsonwarren,bot
nep3wkfwxgty,bot
nff2nst1mpmu,bot
nfhqbjwazkdn,bot
nh323tzp1vi2,bot
njwqznh2zznh,bot
nmkrbhqdsnjo,bot
nmslnmslnmsl,bot
nonzismstart,human
nooupnwt2gev,bot
np4bzd3pmgxb,bot
nqhkzxvqbfa3,bot
nwd3vmgcpkfc,bot
o2bvgg1vm1n4,bot
obqavcv15n3o,bot
oeefk3m3jelq,bot
ojwz2yw2u4wd,bot
okvcjvf1u2yi,bot
orionquinton,bot
p1fc5qi4ecam,bot
p2j4ruxtld11,bot
p2tlcsjz4qpr,bot
p4cffdgh1fmw,bot
p55oeutjeyfd,bot
paperwallets,bot
pfrbb2wdyga1,bot
pgqyrnwuo5ev,bot
phlamgj4ukhh,bot
pkhlnbzzbjfi,bot
pl4ceofmoney,human
pm4hg4m14hvj,bot
prafangzun22,human
prakevin4321,bot
prazhouyufan,bot
pvz5dy3ojmu1,bot
pzzzzz111111,human
q1wvijqxb21j,bot
q5dgeptkgaew,bot
qbed3bcgrsue,bot
qbwxdeohq2un,bot
qdrbywlyxqvq,bot
qevhw2jt5tvy,bot
qlgzgvvuga3t,bot
qllvicm4mbxp,bot
qndkqf3y4aqo,bot
qohs5fdovabv,bot
qqqqqqqq.q,human
qqvkuivvsqcf,bot
qvw42ixbabzf,bot
qvylyozsfo45,bot
r3p53wirh3xa,bot
raidenkeegan,bot
ramonalfonso,bot
rbvezbx5vby1,bot
rbxic35k5x3j,bot
re5d2rlkni24,bot
redmaple1314,human
reixr4zjeuud,bot
rfg51wjudccx,bot
rhtdj1234512,human
rlawnsdk1234,bot
roderickjuan,bot
rodneywalker,bot
rothschild44,human
roxrorox1234,human
rugdealerxxx,bot
ruggerchang1,bot
ruw52reafyuw,human
rxhzurg1ajbq,bot
rywg1mq4zutm,bot
rz1sb2nkgdpt,bot
s5y3bttnx5bn,bot
sangtae12lee,bot
sarkbermiok1,bot
serunwallet1,human
sgdj2tfei2td,bot
sgekkmoszi1q,bot
shaoborandom,human
shapeshyft12,human
shawnshi1314,human
silasatticus,bot
sinceregrady,bot
skdi12312311,bot
skylarkarson,bot
skylerharold,bot
snegskyppyam,bot
solcfwneppwv,bot
spyderman251,bot
sreekanthone,human
ssn3lofevlnx,bot
stardlullaby,bot
startss12345,human
stellamaris1,human
stevenzaiden,bot
sullivangael,bot
supereosman1,bot
suriyanvenka,bot
suuqxa2pl2pp,bot
sveni5555555,human
svo1wmnlqe5e,bot
syujikundesu,human
szdavidcheng,bot
t4ljiwiwrq5s,bot
tangyongzhen,human
tannerjordon,bot
tcgxfrtsn1iw,bot
technoeosede,human
terrencebeau,bot
tg2aemyeelqb,bot
thecoinusio2,human
thomasjayvon,bot
tianweidamon,bot
ticklish2424,bot
tkctkc112233,human
tommy521anny,human
tpzll1hudzjj,bot
tracebraiden,bot
trailhead222,human
tristinjavon,bot
tt1234554321,bot
txltxltxl111,bot
tylerbrenton,bot
tyshawnbryan,bot
tywr3wxnsfqv,bot
u2zwecxh2ccy,bot
u3fnibr4unpf,bot
u3mxz5ddol5h,bot
u44e3lo5ntdz,bot
u4lnwgvxdjhe,bot
ucegchyymzzo,bot
ucuqjknami4c,bot
ufvmlz3ye3fq,bot
uit1aag32bsm,bot
ujgs2xjsfzpg,bot
ujuvckxpkqpx,bot
ujwjhjlgm5qk,bot
ungl32mwtlyh,bot
untouchable3,human
ut3mthqgluol,bot
uw5cfgwtvnnz,bot
vgf5qodrdkvd,bot
vi3qllk5k5j4,bot
vjhsjs3zqu13,bot
vnsskuxyqmyq,bot
vojx3aau55p5,bot
vq4zepe21bne,bot
vqum1oazl34s,bot
vrayvrayvray,bot
vrrwx1j44i3m,bot
vx2psseibrhy,bot
vztc1lq5wi2i,bot
w4eovmz5bzbq,bot
wdt4nskjfzuq,bot
wesleychu123,human
whm5krxs3ics,bot
wjaguagooqym,bot
wmksmyvjy1ag,bot
wo3rsnvw4zvn,bot
woojinjun321,bot
wp1azdpdr5ed,human
wpmt1jmkvjjl,bot
wuyahsien135,human
wwokbdtj53bl,bot
wyattbernard,bot
wyzxhnwallet,bot
x15l5sc3aisu,bot
x23tncalamgl,bot
xbo3d4c1ihh3,bot
xbrc4nh22qec,bot
xcxdcl2fxope,bot
xdowg4renrt1,bot
xhwktbny3exu,bot
xi1yf4jipshe,bot
xiaolong1314,bot
xnwahpqjq2er,bot
xu41nig2zccs,bot
xvpuwqv2a42x,bot
xvtlutpplkjc,bot
xxdswe2zkdl5,bot
xxm1uyxgdlqy,bot
xxxxsphrxxxx,human
xyodo5vumadc,bot
xyoufwfb4s3i,bot
xzyfu2rv5ppg,bot
yaajunhz2a4o,bot
yaohang12345,bot
yc5lnvhvwkfe,bot
yexjo2uuflxn,bot
yn2yes2diftp,bot
youjin112233,bot
youngzai1234,human
yp5wdcx5rfja,bot
yqqlmgsycl55,bot
ytz1zzyroran,bot
yunjungyunvv,human
yvpqdcmz1fii,bot
yxutievr1oz3,bot
yy3mjik3maga,human
yzpekrdk2wit,bot
z1fr4vdnlnqm,bot
zacheryissac,bot
zackarylewis,bot
zaidensteven,bot
zamucrnywhe2,bot
zd242zv5x4jt,bot
zengpaul1234,human
zfidc5igugik,bot
zhkj1z2obvnd,bot
zhujinyong11,human
zjgzjhshy123,bot
zjx222222222,bot
zkt55e1hnzty,bot
zm5caotinggg,human
zn12xtkgrcau,bot
zpejevem4pst,bot
zrfbanlsdfqt,bot
