wish,wp1azdpdr5ed,2020-10-27 23:34:26.153520,human
wish,enjq2yx5bn25,2020-10-27 23:34:41.633493,bot
wish,l3tmj3kqhucm,2020-10-27 23:34:50.438767,bot
wish,kdzol5e2lbic,2020-10-27 23:37:32.813037,bot
wish,qqqqqqqq.q,2020-10-27 23:37:43.788486,human
wish,nooupnwt2gev,2020-10-27 23:37:50.838982,bot
wish,sangtae12lee,2020-10-27 23:38:00.090332,human
wish,tracebraiden,2020-10-27 23:38:06.370444,bot
wish,nicolas12344,2020-10-27 23:38:16.757933,human
wish,zengpaul1234,2020-10-27 23:38:24.146880,human
wish,lucianocasey,2020-10-27 23:38:30.597678,bot
wish,gerardodavon,2020-10-27 23:38:37.347849,bot
wish,vztc1lq5wi2i,2020-10-27 23:38:43.073625,bot
wish,gqzdqnzugmge,2020-10-27 23:38:49.363072,human
wish,rbxic35k5x3j,2020-10-27 23:38:54.940863,bot
wish,aaronsheldon,2020-10-27 23:39:00.403126,bot
wish,amiaoeos1234,2020-10-27 23:39:31.793183,human
wish,alvaroarthur,2020-10-27 23:39:38.191449,bot
wish,1k32bntf52f4,2020-10-27 23:39:43.661630,bot
wish,23yryojdviz1,2020-10-27 23:39:50.228357,bot
wish,hanxiaoyan11,2020-10-27 23:39:56.588758,human
wish,a21234512345,2020-10-27 23:40:01.913107,human
wish,fydhlkdjd4gw,2020-10-27 23:40:07.508016,bot
wish,zm5caotinggg,2020-10-27 23:40:18.793096,human
wish,yunjungyunvv,2020-10-27 23:40:25.535871,human
wish,j4peav3rljgy,2020-10-27 23:40:30.104009,bot
wish,sveni5555555,2020-10-27 23:40:35.247200,human
wish,5ux2gs1iul1j,2020-10-27 23:40:39.691981,bot
wish,bagjug1tkwi1,2020-10-27 23:40:44.533603,bot
wish,serunwallet1,2020-10-27 23:40:54.597297,human
wish,h5j34pilblyz,2020-10-27 23:40:59.216550,bot
wish,jaylonbryant,2020-10-27 23:41:05.094246,bot
wish,computerking,2020-10-27 23:41:12.318391,human
wish,i3dc3gdre5ze,2020-10-27 23:41:16.904279,bot
wish,terrencebeau,2020-10-27 23:41:21.190940,bot
wish,stardlullaby,2020-10-27 23:41:26.830820,bot
wish,ruw52reafyuw,2020-10-27 23:41:31.986451,human
wish,pfrbb2wdyga1,2020-10-27 23:41:36.440122,bot
wish,tristinjavon,2020-10-27 23:41:40.585737,bot
wish,ujgs2xjsfzpg,2020-10-27 23:41:44.587841,bot
wish,22n4tlyaxgpl,2020-10-27 23:41:48.136851,bot
wish,eoseoscrypto,2020-10-27 23:41:52.969975,human
wish,nathanjaylan,2020-10-27 23:41:57.100111,bot
wish,martincullen,2020-10-27 23:42:01.117241,bot
wish,rywg1mq4zutm,2020-10-27 23:42:05.648228,bot
wish,12345dancing,2020-10-27 23:42:11.945028,human
wish,azwtqvsdeap2,2020-10-27 23:42:15.887809,bot
wish,m4ilujs3gzdq,2020-10-27 23:42:19.685157,bot
wish,svo1wmnlqe5e,2020-10-27 23:42:23.428879,bot
wish,altzook33p3r,2020-10-27 23:42:28.555556,human
wish,2ls2t3lfbxqp,2020-10-27 23:42:32.816400,bot
wish,vojx3aau55p5,2020-10-27 23:42:36.921182,bot
wish,l13panjlp25v,2020-10-27 23:42:41.082392,bot
wish,wyzxhnwallet,2020-10-27 23:42:47.624869,bot
wish,elijahdeegan,2020-10-27 23:42:51.663283,bot
wish,njwqznh2zznh,2020-10-27 23:42:55.303444,bot
wish,gxtdw1qkfdzy,2020-10-27 23:42:59.475259,bot
wish,xzyfu2rv5ppg,2020-10-27 23:43:03.730361,bot
wish,yn2yes2diftp,2020-10-27 23:43:07.441885,bot
wish,bspqtqalxrgu,2020-10-27 23:43:11.069233,bot
wish,xxxxsphrxxxx,2020-10-27 23:43:15.679534,human
wish,shapeshyft12,2020-10-27 23:43:20.631175,human
wish,mofl2feru4uw,2020-10-27 23:43:24.576040,bot
wish,eoswalletios,2020-10-27 23:43:40.758954,bot
wish,helloworldzc,2020-10-27 23:43:47.336808,human
wish,lxa3ahokt4zf,2020-10-27 23:43:51.591606,bot
wish,ai4xugiautsr,2020-10-27 23:43:55.449928,bot
wish,cedricarturo,2020-10-27 23:43:58.966878,bot
wish,kennethblaze,2020-10-27 23:44:03.347932,bot
wish,3pumb2qqacs3,2020-10-27 23:44:06.909582,bot
wish,gu2dcmjqgqge,2020-10-27 23:44:13.150398,bot
wish,ha3dimrwhage,2020-10-27 23:44:19.360655,human
wish,5gwnhrvlrixi,2020-10-27 23:44:23.393353,bot
wish,ckyl3i1sbkgs,2020-10-27 23:44:27.117397,bot
wish,lqzplqzplqzp,2020-10-27 23:44:32.379739,bot
wish,junjinwoo321,2020-10-27 23:44:40.285092,human
wish,shaoborandom,2020-10-27 23:44:45.369684,human
wish,trailhead222,2020-10-27 23:44:50.802005,human
wish,sangtae12lee,2020-10-27 23:44:56.367154,bot
wish,hwiyeong1234,2020-10-27 23:45:30.615495,human
wish,nathanjaylan,2020-10-27 23:45:34.934482,bot
wish,oeefk3m3jelq,2020-10-27 23:45:39.101124,bot
wish,g4ytknzzgmge,2020-10-27 23:45:43.755721,bot
wish,beckhamdevin,2020-10-27 23:45:48.404387,bot
wish,eazywizzyy12,2020-10-27 23:45:54.364904,human
wish,xi1yf4jipshe,2020-10-27 23:46:26.201024,bot
wish,snegskyppyam,2020-10-27 23:46:32.692097,bot
wish,sangtae12lee,2020-10-27 23:46:38.882231,bot
wish,youjin112233,2020-10-27 23:46:44.584558,bot
wish,alfonsoramon,2020-10-27 23:46:50.436062,bot
wish,nwd3vmgcpkfc,2020-10-27 23:46:54.406814,bot
wish,wwokbdtj53bl,2020-10-27 23:46:58.215768,bot
wish,ashtontyrese,2020-10-27 23:47:02.217265,bot
wish,q5dgeptkgaew,2020-10-27 23:47:06.047192,bot
wish,jdkxmfe4nlnf,2020-10-27 23:47:09.776645,bot
wish,bmwahqp1trwm,2020-10-27 23:47:14.200969,human
wish,zackarylewis,2020-10-27 23:47:18.357698,bot
wish,g42tmojrgage,2020-10-27 23:47:23.529915,human
wish,zn12xtkgrcau,2020-10-27 23:47:27.416289,bot
wish,caseyluciano,2020-10-27 23:47:31.220298,bot
wish,gu3tqobvhage,2020-10-27 23:47:36.586050,bot
wish,aqc4sopsqam4,2020-10-27 23:47:50.147725,bot
wish,eosatm.e,2020-10-27 23:47:55.025267,human
wish,denismario44,2020-10-27 23:48:01.028424,human
wish,gi2tgmjrgege,2020-10-27 23:48:18.761640,bot
wish,nooupnwt2gev,2020-10-27 23:48:24.147945,bot
wish,aqc4sopsqam4,2020-10-27 23:48:28.113116,bot
wish,hyeonseokeos,2020-10-27 23:48:37.970613,bot
wish,orionquinton,2020-10-27 23:48:41.584846,bot
wish,wuyahsien135,2020-10-27 23:48:48.605638,human
wish,jangmarie312,2020-10-27 23:48:55.363810,human
wish,landyngerald,2020-10-27 23:49:03.615546,bot
wish,nwd3vmgcpkfc,2020-10-27 23:49:07.462168,bot
wish,qqqqqqqq.q,2020-10-27 23:49:12.836741,human
wish,jaylinporter,2020-10-27 23:49:16.717393,bot
wish,brysonkonner,2020-10-27 23:49:20.537787,bot
wish,54qov3j1bldz,2020-10-27 23:49:24.148400,bot
wish,bidreametwop,2020-10-27 23:49:28.335582,human
wish,l5dicswwmw1z,2020-10-27 23:49:32.857970,bot
wish,addoilnobody,2020-10-27 23:49:37.279551,bot
wish,lhiejrdq1t2p,2020-10-27 23:49:47.708030,bot
wish,thomasjayvon,2020-10-27 23:49:51.994806,bot
wish,cryisharisha,2020-10-27 23:49:56.404006,bot
wish,tylerbrenton,2020-10-27 23:50:00.108735,bot
wish,hkxwbqhqm2v3,2020-10-27 23:50:04.086993,bot
wish,gerardodavon,2020-10-27 23:50:07.863091,bot
wish,eossoldier11,2020-10-27 23:50:12.643283,bot
wish,u3mxz5ddol5h,2020-10-27 23:50:16.652653,bot
wish,thecoinusio2,2020-10-27 23:50:22.166424,human
wish,4eib5n3qochn,2020-10-27 23:50:26.254082,bot
wish,prazhouyufan,2020-10-27 23:50:36.138690,bot
wish,afbqjke4t5qb,2020-10-27 23:50:40.005365,bot
wish,wyattbernard,2020-10-27 23:50:43.896810,bot
wish,mmhncpoiedra,2020-10-27 23:50:47.623279,bot
wish,j2n3mhhpeatv,2020-10-27 23:51:02.447870,bot
wish,1ozyxwzhheya,2020-10-27 23:51:06.918427,bot
wish,5gmusuah3iuw,2020-10-27 23:51:11.005424,bot
wish,qvylyozsfo45,2020-10-27 23:51:15.008678,bot
wish,exrhqmixxf4r,2020-10-27 23:51:18.457551,bot
wish,szdavidcheng,2020-10-27 23:51:22.805623,bot
wish,luyflbypgtyu,2020-10-27 23:51:26.773274,bot
wish,dravenelliot,2020-10-27 23:51:30.410161,bot
wish,yc5lnvhvwkfe,2020-10-27 23:51:34.434362,bot
wish,eliezeraiden,2020-10-27 23:51:47.176449,bot
wish,iamrichpiano,2020-10-27 23:51:52.525565,human
wish,tangyongzhen,2020-10-27 23:51:56.981288,human
wish,2oyzadycnmre,2020-10-27 23:52:02.151408,bot
wish,btfywkyexjvj,2020-10-27 23:52:08.397364,bot
wish,n2gwhu32qsvb,2020-10-27 23:52:13.043959,bot
wish,abywvfaa1l4r,2020-10-27 23:52:17.859649,bot
wish,zhujinyong11,2020-10-27 23:52:23.380438,human
wish,sgdj2tfei2td,2020-10-27 23:52:27.279548,bot
wish,beauterrence,2020-10-27 23:52:38.097460,bot
wish,tt1234554321,2020-10-27 23:52:42.870948,bot
wish,pl4ceofmoney,2020-10-27 23:52:48.298373,human
wish,51goplaydapp,2020-10-27 23:52:55.851597,human
wish,qbwxdeohq2un,2020-10-27 23:53:00.182901,bot
wish,jt3ctpkvzl3z,2020-10-27 23:53:03.665534,bot
wish,ha2tqmjsgqge,2020-10-27 23:53:09.044953,bot
wish,ixysfcmvtjsx,2020-10-27 23:53:12.782932,bot
wish,xi1yf4jipshe,2020-10-27 23:53:16.912023,bot
wish,braidentrace,2020-10-27 23:53:20.588477,bot
wish,wmksmyvjy1ag,2020-10-27 23:53:24.821531,bot
wish,4qknoa11habd,2020-10-27 23:53:28.514651,bot
wish,ddvl5cjg2p5c,2020-10-27 23:53:33.036778,bot
wish,3nqofjlywv5d,2020-10-27 23:53:36.988621,bot
wish,vx2psseibrhy,2020-10-27 23:53:40.457343,bot
wish,eospay432eos,2020-10-27 23:53:45.714035,human
wish,tyshawnbryan,2020-10-27 23:53:49.420703,bot
wish,jasiahcaiden,2020-10-27 23:53:53.303444,bot
wish,k5f2eiciuolm,2020-10-27 23:53:57.029903,bot
wish,uit1aag32bsm,2020-10-27 23:54:00.860479,bot
wish,ha3dimrwhage,2020-10-27 23:54:05.923983,bot
wish,yvpqdcmz1fii,2020-10-27 23:54:22.239987,bot
wish,jayvonthomas,2020-10-27 23:54:26.010453,bot
wish,cg4txiwjlnta,2020-10-27 23:54:29.565689,bot
wish,charleslyric,2020-10-27 23:54:33.476716,bot
wish,54qov3j1bldz,2020-10-27 23:54:37.253626,bot
wish,chkzosm5w34q,2020-10-27 23:54:40.621737,bot
wish,np4bzd3pmgxb,2020-10-27 23:54:44.637155,bot
wish,12345haoming,2020-10-27 23:54:49.416175,human
wish,2fcvuwkurrx1,2020-10-27 23:54:53.212863,bot
wish,hdgkmdgefdn2,2020-10-27 23:54:57.048372,bot
wish,vojx3aau55p5,2020-10-27 23:55:00.745258,bot
wish,bidreamur1vx,2020-10-27 23:55:05.696017,bot
wish,tannerjordon,2020-10-27 23:55:10.051098,bot
wish,5rej2qp14dov,2020-10-27 23:55:14.132281,bot
wish,xvpuwqv2a42x,2020-10-27 23:55:17.983805,bot
wish,foiht3arqxbr,2020-10-27 23:55:21.479950,bot
wish,kgfoyweggywz,2020-10-27 23:55:25.111615,bot
wish,lewiszackary,2020-10-27 23:55:37.390477,bot
wish,obqavcv15n3o,2020-10-27 23:55:42.861303,bot
wish,kimfitrialov,2020-10-27 23:55:51.197440,human
wish,brucejamison,2020-10-27 23:55:55.167947,bot
wish,qllvicm4mbxp,2020-10-27 23:55:59.565599,bot
wish,ufvmlz3ye3fq,2020-10-27 23:56:06.246842,bot
wish,ujwjhjlgm5qk,2020-10-27 23:56:13.025417,bot
wish,tkctkc112233,2020-10-27 23:56:37.192733,human
wish,ez1ez1ez1.m,2020-10-27 23:56:43.052181,human
wish,leonatcanada,2020-10-27 23:56:48.041365,human
wish,nelsonwarren,2020-10-27 23:57:01.385551,bot
wish,bidreametwop,2020-10-27 23:57:16.436409,human
wish,l5zjogbksfhk,2020-10-27 23:57:20.454378,bot
wish,gkdrnfjaggwk,2020-10-27 23:57:24.497587,bot
wish,eoswinwwweos,2020-10-27 23:57:31.439321,bot
wish,2zx2p4ojyyy4,2020-10-27 23:57:40.633698,bot
wish,ashtontyrese,2020-10-27 23:57:46.763004,bot
wish,guma3debacue,2020-10-27 23:57:51.352841,bot
wish,dthrevang4ge,2020-10-27 23:58:05.794489,bot
wish,zd242zv5x4jt,2020-10-27 23:58:10.379478,bot
wish,ytz1zzyroran,2020-10-27 23:58:14.199141,bot
wish,paperwallets,2020-10-27 23:58:19.317326,bot
wish,yaajunhz2a4o,2020-10-27 23:58:23.353939,bot
wish,eosbangjh123,2020-10-27 23:58:32.469566,human
wish,ungl32mwtlyh,2020-10-27 23:58:36.456705,bot
wish,uw5cfgwtvnnz,2020-10-27 23:58:40.559579,bot
wish,aaronsheldon,2020-10-27 23:58:44.069421,bot
wish,bzcz4erf1pw2,2020-10-27 23:58:47.952824,bot
wish,gqydgmrrg4ge,2020-10-27 23:58:52.295209,bot
wish,2vsmcafdfhug,2020-10-27 23:58:56.301024,bot
wish,q1wvijqxb21j,2020-10-27 23:59:00.189826,bot
wish,ha2tqmjsgqge,2020-10-27 23:59:04.685775,bot
wish,23yryojdviz1,2020-10-27 23:59:08.506335,bot
wish,prafangzun22,2020-10-27 23:59:13.407441,human
wish,reixr4zjeuud,2020-10-27 23:59:18.335330,bot
wish,vrrwx1j44i3m,2020-10-27 23:59:22.562869,bot
wish,harmonyone21,2020-10-27 23:59:26.872557,bot
wish,pl4ceofmoney,2020-10-27 23:59:32.316595,human
wish,ssn3lofevlnx,2020-10-27 23:59:41.840856,bot
wish,kaedenjayson,2020-10-27 23:59:45.602840,bot
wish,mofl2feru4uw,2020-10-27 23:59:49.682898,bot
wish,ilpasssatore,2020-10-27 23:59:55.156137,bot
wish,rbvezbx5vby1,2020-10-28 00:00:09.194351,bot
wish,yqqlmgsycl55,2020-10-28 00:00:14.239329,bot
wish,jkdsdsiotca5,2020-10-28 00:00:29.866276,bot
wish,1phagtyzxye5,2020-10-28 00:01:16.316953,bot
wish,dawoezajadeh,2020-10-28 00:01:21.697976,bot
wish,bfhbjyjcvo3w,2020-10-28 00:01:26.508389,bot
wish,5wlrn55qhkuo,2020-10-28 00:01:30.660213,bot
wish,p4cffdgh1fmw,2020-10-28 00:01:34.611382,bot
wish,g3ppvad5wrt3,2020-10-28 00:01:38.959310,bot
wish,qdrbywlyxqvq,2020-10-28 00:01:43.490273,bot
wish,ytz1zzyroran,2020-10-28 00:01:48.063732,bot
wish,rz1sb2nkgdpt,2020-10-28 00:01:52.451821,bot
wish,nqhkzxvqbfa3,2020-10-28 00:01:56.454885,bot
wish,futurecolazb,2020-10-28 00:02:01.504341,human
wish,devinbeckham,2020-10-28 00:02:05.728813,bot
wish,dpelhjtrposk,2020-10-28 00:02:10.038195,bot
wish,jaylannathan,2020-10-28 00:02:14.209218,bot
wish,qndkqf3y4aqo,2020-10-28 00:02:18.405383,bot
wish,bfhbjyjcvo3w,2020-10-28 00:02:22.278993,bot
wish,lzdhyclnj123,2020-10-28 00:02:40.320008,bot
wish,vjhsjs3zqu13,2020-10-28 00:02:44.361873,bot
wish,tg2aemyeelqb,2020-10-28 00:02:48.626019,bot
wish,maximusemery,2020-10-28 00:02:52.663536,bot
wish,beirwpuugtkm,2020-10-28 00:02:56.399903,bot
wish,pkhlnbzzbjfi,2020-10-28 00:03:00.384038,bot
wish,qevhw2jt5tvy,2020-10-28 00:03:04.461170,bot
wish,j4fhwdfdu3so,2020-10-28 00:03:08.470671,bot
wish,xhwktbny3exu,2020-10-28 00:03:22.515771,bot
wish,lordofavalon,2020-10-28 00:03:28.928994,human
wish,geegfwuvlixi,2020-10-28 00:03:33.642972,bot
wish,gqzdqnzugmge,2020-10-28 00:03:38.981276,human
wish,prafangzun22,2020-10-28 00:03:45.031215,human
wish,2ofx1rupnft5,2020-10-28 00:03:49.862496,bot
wish,dtxhynfmpvgs,2020-10-28 00:03:54.255260,bot
wish,eosatm.e,2020-10-28 00:03:59.099803,human
wish,keeganraiden,2020-10-28 00:04:02.907245,bot
wish,2fy4cnonc3lt,2020-10-28 00:04:06.857855,bot
wish,suriyanvenka,2020-10-28 00:04:11.837050,bot
wish,5otihgz2f5en,2020-10-28 00:04:15.787365,bot
wish,silasatticus,2020-10-28 00:04:19.736076,bot
wish,wesleychu123,2020-10-28 00:04:24.163878,human
wish,xcxdcl2fxope,2020-10-28 00:04:28.221368,bot
wish,jpzru2rrfqsf,2020-10-28 00:04:32.551448,bot
wish,sangtae12lee,2020-10-28 00:04:39.218970,bot
wish,4k5gyczg5txc,2020-10-28 00:04:44.096722,bot
wish,rlawnsdk1234,2020-10-28 00:04:49.377236,bot
wish,sarkbermiok1,2020-10-28 00:04:54.653846,bot
wish,jlwbdec3w1ty,2020-10-28 00:04:58.689160,bot
wish,12345haoming,2020-10-28 00:05:03.836687,human
wish,2samptqqrim2,2020-10-28 00:05:19.119784,bot
wish,54321.x,2020-10-28 00:05:24.697598,human
wish,gerardodavon,2020-10-28 00:05:28.690627,bot
wish,zhujinyong11,2020-10-28 00:05:33.441650,human
wish,dillonkareem,2020-10-28 00:05:38.023366,bot
wish,roderickjuan,2020-10-28 00:05:41.837170,bot
wish,jxuiwucfqqpi,2020-10-28 00:05:45.693884,bot
wish,emp1guifemic,2020-10-28 00:05:49.807079,bot
wish,4q1ce5211dme,2020-10-28 00:05:53.868994,bot
wish,dequaywallet,2020-10-28 00:06:02.851313,bot
wish,cvhiuo5aukqa,2020-10-28 00:06:06.902958,bot
wish,yaajunhz2a4o,2020-10-28 00:06:11.127112,bot
wish,rothschild44,2020-10-28 00:06:16.732036,human
wish,stellamaris1,2020-10-28 00:06:21.993669,human
wish,lpqy1gmkj1gm,2020-10-28 00:06:26.137011,bot
wish,elijahdeegan,2020-10-28 00:06:29.986977,bot
wish,emp1guifemic,2020-10-28 00:06:34.111079,bot
wish,mslz3vqpvawd,2020-10-28 00:06:37.953824,bot
wish,woojinjun321,2020-10-28 00:06:43.480903,bot
wish,vojx3aau55p5,2020-10-28 00:06:47.508862,bot
wish,nature543215,2020-10-28 00:07:04.245601,human
wish,3abyhffwmutq,2020-10-28 00:07:08.133791,bot
wish,re5d2rlkni24,2020-10-28 00:07:12.094361,bot
wish,nep3wkfwxgty,2020-10-28 00:07:15.848066,bot
wish,tywr3wxnsfqv,2020-10-28 00:07:19.585780,bot
wish,tianweidamon,2020-10-28 00:08:08.574231,bot
wish,keomcdrbhclq,2020-10-28 00:08:12.349893,bot
wish,qohs5fdovabv,2020-10-28 00:08:16.268041,bot
wish,feabnxjzg4cc,2020-10-28 00:08:19.854342,bot
wish,xbo3d4c1ihh3,2020-10-28 00:08:23.880023,bot
wish,yzpekrdk2wit,2020-10-28 00:08:27.672376,bot
wish,cabfy13q4kno,2020-10-28 00:08:32.411154,bot
wish,pgqyrnwuo5ev,2020-10-28 00:08:36.320003,bot
wish,rxhzurg1ajbq,2020-10-28 00:08:39.973633,bot
wish,lydimpughclz,2020-10-28 00:08:43.553766,bot
wish,obqavcv15n3o,2020-10-28 00:08:48.143980,bot
wish,i2fizmbd4xry,2020-10-28 00:09:00.558043,bot
wish,zfidc5igugik,2020-10-28 00:09:04.144115,bot
wish,cyz123455432,2020-10-28 00:09:10.816842,human
wish,1sxjfplsxkdy,2020-10-28 00:09:14.866287,bot
wish,u3fnibr4unpf,2020-10-28 00:09:18.589080,bot
wish,brennenlouis,2020-10-28 00:09:26.299564,bot
wish,41mxpjhpdkgo,2020-10-28 00:09:31.465732,bot
wish,cristianjair,2020-10-28 00:09:35.415917,bot
wish,wpmt1jmkvjjl,2020-10-28 00:09:44.357333,bot
wish,24eos24eos24,2020-10-28 00:09:49.390255,bot
wish,iv2skdi1oht2,2020-10-28 00:10:02.644419,bot
wish,tcgxfrtsn1iw,2020-10-28 00:10:06.154885,bot
wish,3r3pyou5togf,2020-10-28 00:10:09.828968,bot
wish,heytqobtg4ge,2020-10-28 00:10:15.219283,human
wish,d3mrtrst1ome,2020-10-28 00:10:19.315686,bot
wish,emp1guifemic,2020-10-28 00:10:23.152866,bot
wish,reixr4zjeuud,2020-10-28 00:10:27.455067,bot
wish,54321.x,2020-10-28 00:10:32.682321,human
wish,arieljustice,2020-10-28 00:10:36.943056,bot
wish,u44e3lo5ntdz,2020-10-28 00:10:41.185435,bot
wish,xxdswe2zkdl5,2020-10-28 00:10:45.126048,bot
wish,kzcjigswqx5g,2020-10-28 00:10:49.078271,bot
wish,zfidc5igugik,2020-10-28 00:10:53.140654,bot
wish,untouchable3,2020-10-28 00:11:00.652622,human
wish,w4eovmz5bzbq,2020-10-28 00:11:05.773940,bot
wish,arieljustice,2020-10-28 00:11:09.688414,bot
wish,geegfwuvlixi,2020-10-28 00:11:14.149489,bot
wish,fpvzasngxtm5,2020-10-28 00:11:18.836439,human
wish,zjgzjhshy123,2020-10-28 00:11:23.597760,bot
wish,brunobradley,2020-10-28 00:11:27.637352,bot
wish,z1fr4vdnlnqm,2020-10-28 00:11:32.091240,bot
wish,landyngerald,2020-10-28 00:11:36.822849,bot
wish,dthrevang4ge,2020-10-28 00:11:42.860768,bot
wish,tyshawnbryan,2020-10-28 00:11:49.195005,bot
wish,eostesting22,2020-10-28 00:11:54.687989,human
wish,xiaolong1314,2020-10-28 00:12:04.471342,bot
wish,okvcjvf1u2yi,2020-10-28 00:12:15.306119,bot
wish,g3ppvad5wrt3,2020-10-28 00:12:19.569949,bot
wish,bidream2uiff,2020-10-28 00:12:23.954867,bot
wish,vq4zepe21bne,2020-10-28 00:12:28.149314,bot
wish,kissy1111111,2020-10-28 00:12:33.361075,human
wish,xxm1uyxgdlqy,2020-10-28 00:12:37.504700,bot
wish,cyv3sn4k5qms,2020-10-28 00:12:41.444564,bot
wish,glayazweefbs,2020-10-28 00:12:45.251435,bot
wish,b2gbwiudopaq,2020-10-28 00:12:50.386674,bot
wish,firstclass14,2020-10-28 00:12:57.135651,bot
wish,londonjasper,2020-10-28 00:13:02.494585,bot
wish,1rbsxp4b3fm2,2020-10-28 00:13:06.316949,bot
wish,tg2aemyeelqb,2020-10-28 00:13:10.257615,bot
wish,nfhqbjwazkdn,2020-10-28 00:13:14.196199,bot
wish,h3qrvll1xhoo,2020-10-28 00:13:18.262818,bot
wish,xzyfu2rv5ppg,2020-10-28 00:13:22.521659,bot
wish,yqqlmgsycl55,2020-10-28 00:13:26.923593,bot
wish,kylanroberto,2020-10-28 00:13:31.043387,bot
wish,jakusz123m45,2020-10-28 00:13:36.076645,human
wish,prakevin4321,2020-10-28 00:13:40.978965,bot
wish,anatolia1453,2020-10-28 00:13:46.325000,human
wish,wo3rsnvw4zvn,2020-10-28 00:13:50.457341,bot
wish,42n1ydsfgw5i,2020-10-28 00:13:54.389329,bot
wish,yp5wdcx5rfja,2020-10-28 00:13:58.382161,bot
wish,nooupnwt2gev,2020-10-28 00:14:13.317184,bot
wish,jxuiwucfqqpi,2020-10-28 00:14:17.140218,bot
wish,zpejevem4pst,2020-10-28 00:14:21.323090,bot
wish,paperwallets,2020-10-28 00:14:26.093185,bot
wish,tangyongzhen,2020-10-28 00:14:30.729289,human
wish,bidream2uiff,2020-10-28 00:14:45.581042,bot
wish,hezdcnjxgege,2020-10-28 00:15:09.796600,human
wish,wuyahsien135,2020-10-28 00:15:15.989458,human
wish,raidenkeegan,2020-10-28 00:15:20.923689,bot
wish,vnsskuxyqmyq,2020-10-28 00:15:25.066570,bot
wish,l13panjlp25v,2020-10-28 00:15:29.039901,bot
wish,bitcoinmeist,2020-10-28 00:16:17.813791,human
wish,enriquesoren,2020-10-28 00:16:21.936124,bot
wish,heaterville1,2020-10-28 00:16:27.101990,human
wish,ha3dqnzqgage,2020-10-28 00:16:32.501206,human
wish,1rbsxp4b3fm2,2020-10-28 00:16:36.686700,bot
wish,mmegoizz3gix,2020-10-28 00:16:40.655291,bot
wish,ujuvckxpkqpx,2020-10-28 00:16:46.606150,bot
wish,3v414p1kwbyr,2020-10-28 00:16:51.016973,bot
wish,jixianglanzh,2020-10-28 00:16:56.651959,bot
wish,gu2tenjxguge,2020-10-28 00:17:01.828873,human
wish,yzpekrdk2wit,2020-10-28 00:17:06.623283,bot
wish,4pmfh5luz4i1,2020-10-28 00:17:10.402641,bot
wish,d153zdhintvc,2020-10-28 00:17:14.633927,bot
wish,adriangordon,2020-10-28 00:17:18.348954,bot
wish,wjaguagooqym,2020-10-28 00:17:22.541795,bot
wish,d2r4bs2d3mdo,2020-10-28 00:17:26.444104,bot
wish,isakjzfuvf5j,2020-10-28 00:17:30.132454,bot
wish,pzzzzz111111,2020-10-28 00:17:35.036897,human
wish,x23tncalamgl,2020-10-28 00:17:39.196314,bot
wish,javierkymani,2020-10-28 00:17:43.752940,bot
wish,rugdealerxxx,2020-10-28 00:17:48.316463,bot
wish,2canki312qtj,2020-10-28 00:17:53.105355,bot
wish,bansheecobbb,2020-10-28 00:17:58.272396,bot
wish,eosbet5admin,2020-10-28 00:18:14.546971,human
wish,5wlrn55qhkuo,2020-10-28 00:18:18.466892,bot
wish,jiaxueyifang,2020-10-28 00:18:23.361328,human
wish,gardenisland,2020-10-28 00:18:38.333645,human
wish,5eiq2llocks2,2020-10-28 00:18:42.353539,bot
wish,bitbackoffce,2020-10-28 00:18:47.129066,human
wish,jaylenfinley,2020-10-28 00:18:51.438707,bot
wish,redmaple1314,2020-10-28 00:18:57.146380,human
wish,syujikundesu,2020-10-28 00:19:02.337132,human
wish,yp5wdcx5rfja,2020-10-28 00:19:06.352643,bot
wish,bgsllrmd5jwx,2020-10-28 00:19:10.744143,bot
wish,jdkxmfe4nlnf,2020-10-28 00:19:14.572349,bot
wish,firstclass14,2020-10-28 00:19:20.476020,bot
wish,ach1qbrztf5w,2020-10-28 00:19:26.025790,bot
wish,stevenzaiden,2020-10-28 00:22:43.550725,bot
wish,u4lnwgvxdjhe,2020-10-28 00:22:47.204427,bot
wish,eipk2emamjqx,2020-10-28 00:22:50.857228,bot
wish,pfrbb2wdyga1,2020-10-28 00:23:03.523081,bot
wish,arthuralvaro,2020-10-28 00:23:07.118195,bot
wish,qvw42ixbabzf,2020-10-28 00:23:11.096125,bot
wish,1af4gv2nrpw5,2020-10-28 00:23:15.397251,bot
wish,p2j4ruxtld11,2020-10-28 00:23:19.234217,bot
wish,u3fnibr4unpf,2020-10-28 00:23:22.890194,bot
wish,4r2dgtcx4iek,2020-10-28 00:23:26.802862,bot
wish,lqvahsbnsoha,2020-10-28 00:23:31.561660,bot
wish,3zyoptc1p5vh,2020-10-28 00:23:35.058316,bot
wish,ndfd3vw1jy3z,2020-10-28 00:23:38.008147,bot
wish,rodneywalker,2020-10-28 00:23:41.916894,bot
wish,44kouzfwmiaw,2020-10-28 00:23:45.988478,bot
wish,3etc43cqejw3,2020-10-28 00:24:00.587934,bot
wish,14wkee4teosd,2020-10-28 00:24:05.026609,human
wish,pvz5dy3ojmu1,2020-10-28 00:24:08.763630,bot
wish,arthuralvaro,2020-10-28 00:24:12.431662,bot
wish,3wog51qjhiwg,2020-10-28 00:24:16.215149,bot
wish,gu3dsnbqhege,2020-10-28 00:24:20.525839,bot
wish,ut3mthqgluol,2020-10-28 00:24:24.170408,bot
wish,xu41nig2zccs,2020-10-28 00:24:27.978097,bot
wish,vrayvrayvray,2020-10-28 00:24:33.116448,bot
wish,sgekkmoszi1q,2020-10-28 00:24:37.883222,bot
wish,5n112vxtsgtq,2020-10-28 00:24:51.054676,bot
wish,yzpekrdk2wit,2020-10-28 00:24:57.068879,bot
wish,hamzagriffin,2020-10-28 00:25:01.727024,bot
wish,1dcrypjazjnf,2020-10-28 00:25:06.596212,bot
wish,gyytcmrsgege,2020-10-28 00:25:12.667150,human
wish,fqccealti1so,2020-10-28 00:25:17.897305,bot
wish,ge4tcnrxgyge,2020-10-28 00:25:23.516186,human
wish,2nzqbirt3tma,2020-10-28 00:25:40.011678,bot
wish,bradenvaughn,2020-10-28 00:25:44.777942,bot
wish,tyshawnbryan,2020-10-28 00:25:49.318034,bot
wish,adriangordon,2020-10-28 00:25:53.775050,bot
wish,nmkrbhqdsnjo,2020-10-28 00:25:58.049462,bot
wish,u2zwecxh2ccy,2020-10-28 00:26:02.821709,bot
wish,miguelmalaki,2020-10-28 00:26:07.447995,bot
wish,tkctkc112233,2020-10-28 00:26:12.287256,human
wish,3zyoptc1p5vh,2020-10-28 00:26:16.801917,bot
wish,mbtfaoytv31o,2020-10-28 00:26:21.190093,bot
wish,huufipkwvml4,2020-10-28 00:26:25.862795,bot
wish,4lalm4xlybna,2020-10-28 00:26:30.945314,bot
wish,nff2nst1mpmu,2020-10-28 00:26:35.310072,bot
wish,k1et1n1pj2ev,2020-10-28 00:26:39.454415,bot
wish,zamucrnywhe2,2020-10-28 00:26:44.175390,bot
wish,beauterrence,2020-10-28 00:26:48.641585,bot
wish,bidreamf4x2w,2020-10-28 00:26:54.550769,human
wish,fnlsajruz4oa,2020-10-28 00:26:59.142037,bot
wish,tannerjordon,2020-10-28 00:27:03.715335,bot
wish,hazdkmzsgqge,2020-10-28 00:27:09.621999,bot
wish,icnh122pone4,2020-10-28 00:27:14.768432,bot
wish,fzcpa1gb3jg3,2020-10-28 00:27:19.394822,bot
wish,i2fizmbd4xry,2020-10-28 00:27:23.975780,bot
wish,yc5lnvhvwkfe,2020-10-28 00:27:28.689112,bot
wish,hdgkmdgefdn2,2020-10-28 00:27:33.184900,bot
wish,h1bygnbudazq,2020-10-28 00:27:48.250957,bot
wish,t4ljiwiwrq5s,2020-10-28 00:27:53.186116,bot
wish,ramonalfonso,2020-10-28 00:27:57.528456,bot
wish,sullivangael,2020-10-28 00:28:01.906928,bot
wish,5otihgz2f5en,2020-10-28 00:28:06.465938,bot
wish,spyderman251,2020-10-28 00:28:12.236994,bot
wish,ez1ez1ez1.m,2020-10-28 00:28:17.887968,human
wish,qbed3bcgrsue,2020-10-28 00:28:22.889088,bot
wish,yy3mjik3maga,2020-10-28 00:28:28.786265,human
wish,5h4312cv4ypz,2020-10-28 00:28:33.466035,bot
wish,cmcobvdyw2rf,2020-10-28 00:28:38.289812,bot
wish,arieljustice,2020-10-28 00:28:43.096987,bot
wish,lu2aibz21pgk,2020-10-28 00:28:47.870060,bot
wish,ha3tkmjwgage,2020-10-28 00:28:53.395110,human
wish,davidgilmour,2020-10-28 00:29:01.955462,human
wish,indiemusic55,2020-10-28 00:29:07.705360,bot
wish,fvcqmmageqbe,2020-10-28 00:29:12.661761,bot
wish,jordeneaston,2020-10-28 00:29:26.109847,bot
wish,xcxdcl2fxope,2020-10-28 00:29:47.794221,bot
