,obvious_bots
0,obqavcv15n3o
1,dawoezajadeh
2,bidream2uiff
3,firstclass14
4,prakevin4321
5,goodandlucky
6,playeosfor11
7,reixr4zjeuud
8,konnerbryson
9,juanroderick
10,sorenenrique
11,atticussilas
12,sidneydamien
13,walkerrodney
14,scottrodolfo
15,brunobradley
16,charleslyric
17,keithmemphis
18,dravenelliot
19,cedricarturo
20,calebtrystan
21,huntersamson
22,gilbertjonas
23,josueaddison
24,marleyrafael
25,tylerbrenton
26,tobiasgunner
27,jaylinporter
28,bdnzrj5smfzx
29,eosvipuser12
30,zamucrnywhe2
31,cryptodivid5
32,tannerjordon
33,rafaelmarley
34,lucianocasey
35,jonahoctavio
36,kareemdillon
37,beauterrence
38,skylerharold
39,brysonkonner
40,jordanjagger
41,landyngerald
42,lewiszackary
43,eastonjorden
44,jaysonkaeden
45,jordynchance
46,braidentrace
47,louisbrennen
48,aideneliezer
49,rohanemerson
50,amarebraydon
51,winstonedgar
52,gunnertobias
53,israelhassan
54,uriahphillip
55,kalebquinten
56,layneeverett
57,simoncoleman
58,hassanisrael
59,landenjustus
60,devinbeckham
61,miguelmalaki
62,griffinhamza
63,luisclarence
64,karsonskylar
65,bryantjaylon
66,jakobantoine
67,heathderrick
68,edgarwinston
69,elijahdeegan
70,josephpierre
71,sullivangael
72,davionwillie
73,addisonjosue
74,abrahamnigel
75,garrettsamir
76,nathanjaylan
77,tristinjavon
78,terrencebeau
79,alfonsoramon
80,bryantyshawn
81,colemansimon
82,arthuralvaro
83,bradleybruno
84,alexisbrogan
85,ariguillermo
86,vaughnbraden
87,cannonkeaton
88,samirgarrett
89,martincullen
90,collingerman
91,gerardodavon
92,kasonrussell
93,kolbyjameson
94,sinceregrady
95,rbxic35k5x3j
96,cgyal4gfga25
97,hyoe2oeugvu5
98,3sowmxqoq25q
99,fnlsajruz4oa
100,hlhuicmbkmjn
101,xu41nig2zccs
102,dkwkwx5vc4z4
103,jdkxmfe4nlnf
104,2fy4cnonc3lt
105,nfhqbjwazkdn
106,waxfjvtwaivz
107,elkuh3cqgsgv
108,3r3pyou5togf
109,hzudkj14ssgz
110,cayxfgphx3ed
111,1dcrypjazjnf
112,3nqofjlywv5d
113,vy5pyt2idkre
114,bxu1w2eghyp5
115,bzcz4erf1pw2
116,p5n5t2nabxaw
117,ykewyjpwvils
118,bgsllrmd5jwx
119,bc5lep5wgvyy
120,l3tmj3kqhucm
121,rfg51wjudccx
122,ar2uou5rxiun
123,4tsl3lxwooj2
124,k1et1n1pj2ev
125,mbe3ij4so2sb
126,mlz25gvh2ouz
127,hva2ad2rrpdi
128,jdkvqowiir1t
129,mjfcjf4rjl1a
130,nff2nst1mpmu
131,byri3kjehzxr
132,1hgiojq4qqyq
133,bgethnpwrpbr
134,emp1guifemic
135,exrhqmixxf4r
136,gochcq5uic1r
137,wz3ddpkdfgwz
138,w5tb55w2odmv
139,cyv3sn4k5qms
140,lpswxs1w4suw
141,aa25rrxlspdj
142,ghz2hh5dpp3o
143,talgvnjoi4yk
144,ealyzgmsjfmj
145,fnduuxkqebx5
146,3etc43cqejw3
147,5n112vxtsgtq
148,ach1qbrztf5w
149,bagjug1tkwi1
150,jmfpbmuonldm
151,cwuq1ezwiw3j
152,vfaiwwgoub54
153,fiojsuayx5qs
154,qtpeyiu4ocng
155,qnmzx4f2totf
156,qdrbywlyxqvq
157,3ak3qkajj12s
158,vq5ngtt2ljdm
159,u4vri314qxf1
160,hdgkmdgefdn2
161,sc3a2lyphiny
162,nn4h421vd45a
163,4eib5n3qochn
164,vqum1oazl34s
165,zbcalw2gdnnx
166,oqxozr4elegk
167,r413l3la5roy
168,2envc5zax2jg
169,z1gbxkxsylf5
170,u44e3lo5ntdz
171,tg2aemyeelqb
172,solcfwneppwv
173,en42zxp3r3k1
174,z1fr4vdnlnqm
175,yc5lnvhvwkfe
176,iv2skdi1oht2
177,ojwz2yw2u4wd
178,2canki312qtj
179,jy3becr4npav
180,aez5ednmpb45
181,xbo3d4c1ihh3
182,msxkq3syrpvm
183,co3oyolcbnmo
184,x15l5sc3aisu
185,bpipsffvzj3v
186,yyfhwzsousmo
187,feabnxjzg4cc
188,klszm5jkuy4g
189,ossjvzofsfta
190,ooqzv5sfz5gk
191,bdiofq3q3zk2
192,nm3dt2gebe42
193,mslz3vqpvawd
194,zuboxrwlypgg
195,dsptafjss4j2
196,xddssthnme5h
197,tcgxfrtsn1iw
198,u3fnibr4unpf
199,foomcpuayjgx
200,w4fcotn5llcs
201,nmkrbhqdsnjo
202,kvppbpuovz2b
203,nqhkzxvqbfa3
204,2ds2kkktu5yw
205,3hhao4uoafml
206,ylpqyajqspwl
207,d3mrtrst1ome
208,eivsczyvdhnh
209,wzlz4d1rhr2u
210,aqps2girjslh
211,aqfgejj2yabe
212,qqhtduij1rrg
213,1wfnsfsb25y2
214,np4bzd3pmgxb
215,gelmgdsitg4w
216,h12jygdo4htb
217,24c5djpng1uf
218,xbrc4nh22qec
219,ikfqj45ou2fo
220,yxutievr1oz3
221,qvylyozsfo45
222,xy5k4ru543ez
223,2zx2p4ojyyy4
224,nooupnwt2gev
225,pfrbb2wdyga1
226,wppobt42iyyo
227,luyflbypgtyu
228,c5ebfrcodvut
229,tduokll4tqy2
230,fydhlkdjd4gw
231,rbvezbx5vby1
232,bhksafkpeq31
233,p4qm4lttwjvn
234,vjhsjs3zqu13
235,wpmt1jmkvjjl
236,qowycsxbhcbh
237,vhvwpbqa2rln
238,rrhpmare52on
239,vjf2mnwxdqf3
240,jayvonthomas
241,sheldonaaron
242,jaggerjordan
243,lamontlandon
244,marqueskevin
245,trystancaleb
246,brentontyler
247,deeganelijah
248,jaylannathan
249,eliezeraiden
250,samsonhunter
251,cortezandrew
252,yuremmichael
253,5h4312cv4ypz
254,3kt4brpbcs4f
255,yw2kde3scyij
256,4gdszy54pdnl
257,2lcgfaulprfj
258,d2r4bs2d3mdo
259,qbed3bcgrsue
260,qlgzgvvuga3t
261,5bgqrwsnq4ja
262,pierrejoseph
263,nhjp5kknkwox
264,reubenaustin
265,clarenceluis
266,mypcjohjv4zf
267,tkivab5oc45z
268,kp2iz3ljlzlk
269,fwkqbl5sp3di
270,sphp1mglgci4
271,aj4jyoziovr5
272,xgvkqndmt1rm
273,w4eovmz5bzbq
274,1rmcv1wws1ja
275,bueozfcsrltq
276,lyriccharles
277,ime1vvx2jssr
278,hkxwbqhqm2v3
279,23bq4xmsvlu1
280,dq3zarlwyuk3
281,beckhamdevin
282,zaidensteven
283,malakimiguel
284,ob132uy5242u
285,tyshawnbryan
286,aaravtristan
287,roderickjuan
288,ujg1eu5ltz5a
289,yaajunhz2a4o
290,ztefultajuws
291,zd242zv5x4jt
292,laytonsawyer
293,kylanroberto
294,gradysincere
295,aronnickolas
296,ashtontyrese
297,jordeneaston
298,nickolasaron
299,kyledemarion
300,landonlamont
301,memphiskeith
302,thomasjayvon
303,emersonrohan
304,brennenlouis
305,adriangordon
306,jamesonkolby
307,kymanijavier
308,dominicethen
309,jaydinmarcos
310,wyattbernard
311,nigelabraham
312,geraldlandyn
313,austinreuben
314,marcosjaydin
315,derrickheath
316,jonasgilbert
317,kaedenjayson
318,phillipuriah
319,maximusemery
320,porterjaylin
321,tracebraiden
322,dillonkareem
323,zacheryissac
324,warrennelson
325,matiaskaiden
326,stevenzaiden
327,issaczachery
328,yusufbraxton
329,quintonorion
330,antoinejakob
331,davongerardo
332,jasiahcaiden
333,hudsonfranco
334,dawsonderick
335,bradenvaughn
336,zackarylewis
337,dorianyandel
338,cullenmartin
339,quincykeagan
340,arturocedric
341,finleyjaylen
342,keeganraiden
343,owenreynaldo
344,francohudson
345,edwardadonis
346,jamisonbruce
347,emerymaximus
348,kennethblaze
349,rodolfoscott
350,javierkymani
351,alvaroarthur
352,robertokylan
353,brucejamison
354,lantallantal
355,derickdawson
356,jordontanner
357,russellkason
358,roninjeffrey
359,cadenjovanni
360,orionquinton
361,gaelsullivan
362,keatoncannon
363,jaylonbryant
364,sawyerlayton
365,jaircristian
366,yandeldorian
367,caidenjasiah
368,braydonamare
369,hamzagriffin
370,caseyluciano
371,yairfernando
372,jasperlondon
373,skylarkarson
374,arieljustice
375,fernandoyair
376,justuslanden
377,jaylenfinley
378,silasatticus
379,cristianjair
380,rodneywalker
381,braxtonyusuf
382,tristanaarav
383,nelsonwarren
384,haroldskyler
385,adonisedward
386,chancejordyn
387,williedavion
388,guillermoari
389,kdhcewpyskmo
390,elliotdraven
391,ramonalfonso
392,zrg3tmcnl4o2
393,eipk2emamjqx
394,5gwnhrvlrixi
395,gt2toxnkt1nz
396,xdowg4renrt1
397,jr4q4gmxie1n
398,w24cz2evojvx
399,xkhxsuc2wdgh
400,4f2mkg4cqsyy
401,vztc1lq5wi2i
402,anyx2cfbv5d5
403,cdpwiqau5cqv
404,xednwcuqs5ab
405,ehvyjbs3aols
406,hbgokizsoo5l
407,p2tlcsjz4qpr
408,wzmsvggfdh3t
409,g3cywduiax5l
410,2xdg3tpftufa
411,qvw42ixbabzf
412,2czna1w2h2kc
413,fzcpa1gb3jg3
414,nd1ahm1dcadj
415,ly2x1cwt1tjw
416,acecfpkjs5vw
417,js13k1sl2t2p
418,dj4ywiqfgb3y
419,fi1biyutnhrl
420,srflzy11zgi5
421,pkhlnbzzbjfi
422,lqvahsbnsoha
423,ikwa4n2ynnhl
424,atwiyfwds3to
425,xqgbedaoahev
426,mpmjyuxvfqau
427,kpx2bxjuq1w1
428,w2hfwswlfj5x
429,tywr3wxnsfqv
430,fugjewaz2qrm
431,gmnxaeqwelqb
432,fqccealti1so
433,1aisuion2gdh
434,d1lsqpi1fj13
435,5rej2qp14dov
436,hhcaryinfwfk
437,sf1dsijonbeb
438,3pumb2qqacs3
439,ffwuzzwt43io
440,2ls2t3lfbxqp
441,loopbhvbrlzi
442,3abyhffwmutq
443,zbsjugubwszl
444,yrvpard1pvqd
445,tbis5usofvpy
446,geegfwuvlixi
447,yuxgmzqrrrie
448,zkkg1ufiizbm
449,r5kercawyl5z
450,u5fgyg4ztrhv
451,mofl2feru4uw
452,huufipkwvml4
453,4qmkf23xwodu
454,hxg1ltnpsqce
455,jeffreyronin
456,kevinmarques
457,javontristin
458,enriquesoren
459,londonjasper
460,keaganquincy
461,aaronsheldon
462,damiensidney
463,e24nikemrw33
464,tfbyqh5giaww
465,jpzru2rrfqsf
466,mu5pxgjuflg3
467,1n4h3eylvdkx
468,2vsmcafdfhug
469,i3dc3gdre5ze
470,r5h1mw1l5klq
471,xzyfu2rv5ppg
472,xyodo5vumadc
473,1rbsxp4b3fm2
474,ig2egof2iyhc
475,1phagtyzxye5
476,sbt4zkjqyjik
477,broganalexis
478,1g2af1avccow
479,okvcjvf1u2yi
480,onyeakhxqljo
481,rywg1mq4zutm
482,4k5gyczg5txc
483,ovymszwwegal
484,5n2xhtawjgmd
485,lsk53tucsmnh
486,3fthx4eluzbt
487,sgdj2tfei2td
488,by3xl12zczqg
489,gvani4jyf4pw
490,cwnojbpimzp5
491,ethendominic
492,bjocd45kqywg
493,1ozyxwzhheya
494,44kouzfwmiaw
495,xrjagkkdx3bu
496,ucegchyymzzo
497,wwokbdtj53bl
498,babe2zksennu
499,tjmppx2tc1gk
500,k3curgh5uz2b
501,xvpuwqv2a42x
502,glayazweefbs
503,iu3llpclu2zm
504,pvz5dy3ojmu1
505,bupyrafvyprr
506,qmeoruitsb2m
507,ggzl52oalczi
508,d153zdhintvc
509,vbmm2gymtfbn
510,xyoufwfb4s3i
511,x23tncalamgl
512,vojx3aau55p5
513,ozlf2jbjwtbw
514,1iqs4obbhihf
515,44b1k43c3obm
516,juqhv2nfsjq5
517,cjbq4idj4x4x
518,swf2y41iyztu
519,vmlzfyk1tbnk
520,bfbryj5ihrs4
521,u2zwecxh2ccy
522,5dlhdxfrw513
523,vx2psseibrhy
524,eazouq1znvc4
525,wyabtomuwfgi
526,3jej1w3c4s5l
527,tcp14vjv54ew
528,r3p53wirh3xa
529,i2fizmbd4xry
530,1sxngcvgd133
531,c2vldsja2zq4
532,32xpuj2unecs
533,h2cwimzwmyym
534,fsotz4xsczeh
535,mnemypndnhoi
536,xvtlutpplkjc
537,axafnjkbldbc
538,sgekkmoszi1q
539,fj4r1rn3shul
540,4gvt4lcjyang
541,mgioythilq3y
542,bvrgmhd3tql4
543,kzcjigswqx5g
544,1ffyqhg4rmbk
545,vi3qllk5k5j4
546,zduuujkac5lp
547,ap31c3n1vtjd
548,eq2nlyqcuvek
549,jifx3yvlgzya
550,spixuyjtgf5s
551,3hhpg2cwelyf
552,vvh2ayxp5vp2
553,wojwitff1rud
554,ckgtlvu5surb
555,uwutic1jauiu
556,kzsydsnzfvlf
557,2olgvf5qe54x
558,goax5gleosf5
559,yp5wdcx5rfja
560,2nzqbirt3tma
561,qohs5fdovabv
562,ry2jpkjloykf
563,1jzcgmtoxjxy
564,btfywkyexjvj
565,1k32bntf52f4
566,ucuqjknami4c
567,3hvrtfiu1eo1
568,b2ow1o34i5vd
569,o2bvgg1vm1n4
570,slbsvlgjd43w
571,ywshjcgesivh
572,3wog51qjhiwg
573,xlwsgqmxlmjd
574,howvbnemaftk
575,zd343apk4avo
576,j4peav3rljgy
577,kz245nquxrn2
578,1sxjfplsxkdy
579,uzjg2xzpkvst
580,o4zqgxowvifl
581,xo4q4v5lparp
582,xcxdcl2fxope
583,opo22srdy3tc
584,momyvuvubdtw
585,lh32ssl5vx2g
586,yevjxuz32j1w
587,ifzkyg5ulapd
588,3ykotkvf1uap
589,1saw2tuiqhku
590,usvd1e33fukh
591,ungl32mwtlyh
592,e12sqvfntbd2
593,zrfbanlsdfqt
594,4kacdb4cbsfx
595,pdubh53rfnlk
596,r1opumib5ox2
597,isakjzfuvf5j
598,hnzbst1ilowi
599,z35w1j2anyx1
600,ddyxjkjn1bwc
601,nkvvk3fhynj4
602,es1d2te3chvk
603,f2lfqvpse4ze
604,22n4tlyaxgpl
605,3wexrprzpm5p
606,oykkyts52wek
607,euf4kafchaxf
608,ds3qn3fepdp3
609,abywvfaa1l4r
610,wldk2crv4c5e
611,uzrog4jdtg5a
612,fvcqmmageqbe
613,nipg4bhrypjb
614,uxl3jug2bjor
615,nwd3vmgcpkfc
616,phlamgj4ukhh
617,qfm4mtpir1jl
618,2oyzadycnmre
619,iizdbvw1isti
620,mmhncpoiedra
621,tfvg4gnsnoqd
622,2samptqqrim2
623,ppnjzuy5bbvp
624,2ofx1rupnft5
625,keomcdrbhclq
626,vrrwx1j44i3m
627,afbqjke4t5qb
628,5byoswoiptvv
629,1lhmswks4wvt
630,hwmwu4f1izf2
631,x4ujbedchco4
632,1lc211j5mu1u
633,fmsziej5pvl5
634,re5d2rlkni24
635,f1xaab1b3jdo
636,yzpekrdk2wit
637,p2j4ruxtld11
638,eeu5ttzogjbz
639,4lalm4xlybna
640,j2n3mhhpeatv
641,oeefk3m3jelq
642,l5zjogbksfhk
643,cvhiuo5aukqa
644,wjaguagooqym
645,xscmn5qd233q
646,idcijfvlydvy
647,cmcobvdyw2rf
648,2xbb2isyxv5v
649,jydsmppukeva
650,ppmyhhxmgxer
651,4lgoconnxlej
652,nep3wkfwxgty
653,ghqmdgyd2aa3
654,qqx3soborczm
655,l13panjlp25v
656,h4uxhvptiqbv
657,enjq2yx5bn25
658,bspqtqalxrgu
659,qllvicm4mbxp
660,p55oeutjeyfd
661,svo1wmnlqe5e
662,oalbozhzuqvo
663,x1rwym15ycis
664,ockfyuyd5che
665,q3uip23k5gmo
666,vqi3gnslwwsh
667,nh323tzp1vi2
668,gxtdw1qkfdzy
669,uujhsmgjpkk4
670,b2gbwiudopaq
671,dba2havkicfk
672,pffwq4ernrwh
673,r3cdcp4uvlqa
674,kqaztynethxt
675,fchztynlztsl
676,qk4xmprlkecd
677,5wlrn55qhkuo
678,dfr2wfqenu2c
679,xihapfwfnd3t
680,qevhw2jt5tvy
681,h3qrvll1xhoo
682,ssqrlfqikmk3
683,pktoomyy5qy5
684,x4i1m3wq5quc
685,pkaxkbugho4o
686,4qshian5tkvo
687,xwpm1gknvhrn
688,kbolwqj52z1i
689,l5l2gyn2ubxc
690,ro44ykbrgteo
691,kgfoyweggywz
692,yexjo2uuflxn
693,cr5xmdz1jqwx
694,n4osdeu5zxbt
695,enlewtwwyt23
696,clwpf1q3xksh
697,miom3vxoyiki
698,ufvmlz3ye3fq
699,ekwnubbggqt4
700,ypuljqbbwkoq
701,xon1xaxmu1n2
702,q5dgeptkgaew
703,yh5wueztyigv
704,3rj4jzvxdtma
705,ujwjhjlgm5qk
706,pqvmoe4mutpr
707,zu1t1orl5t2e
708,23yryojdviz1
709,go21vudlkh2n
710,kuhregrfiwsy
711,3n2zjvpiwy5h
712,jb3ugjvz32dc
713,2fbxo4oybp4y
714,b44ysfrolwbd
715,j4fhwdfdu3so
716,vs4o1nzamzmk
717,peumho3rhd4z
718,oquegxblk3q1
719,5eiq2llocks2
720,gls33rnhzto2
721,csyopgme3u3a
722,yygmorjosqh1
723,ddvl5cjg2p5c
724,1ddqngdbudf4
725,orw1aoj3i22g
726,feonhgtba4n3
727,s2bnzmhbw52g
728,kivupzycz4kg
729,2tk2acvocpnj
730,x54hucxpjxnp
731,zdyart23kgno
732,kofyjykthrgr
733,yc4g5zi2c2ey
734,uomcksujpeer
735,xhwktbny3exu
736,4ghg5ebuowoh
737,wytxsfoqfdpt
738,kdzol5e2lbic
739,zkt55e1hnzty
740,cdfiarbzxiyx
741,bgkl5yvoyvji
742,xxm1uyxgdlqy
743,443decjttait
744,yn2yes2diftp
745,xcyinav1btm4
746,uw5cfgwtvnnz
747,i4pebj2lk12m
748,cg4txiwjlnta
749,tlqmyk5kqpf2
750,lydimpughclz
751,weghgnoatkkg
752,hpqau4rsjhjv
753,q1wvijqxb21j
754,fkytmyarecga
755,lu2aibz21pgk
756,3g5yjfhokfbk
757,ul5c351tnifs
758,qqvkuivvsqcf
759,azwtqvsdeap2
760,irwrdohrnnjx
761,15i1b2v332gv
762,jhlq1ng3yygl
763,4r2dgtcx4iek
764,uraceazmnono
765,hmgmzey22fqn
766,quul3vnbsyle
767,3spmhlthmf5s
768,aqc4sopsqam4
769,ixysfcmvtjsx
770,duprwf2jaieq
771,3uyyocrdmfjf
772,ju4x1zcpdake
773,zhkj1z2obvnd
774,l4bgu3vxnorc
775,ahskmtbqixy2
776,k5f2eiciuolm
777,wmksmyvjy1ag
778,ut3mthqgluol
779,fqcb32r4rylf
780,vnsskuxyqmyq
781,43usycce3ob5
782,dqhszmtvi2q2
783,4qcrwbuvnkaj
784,wsua2qacu51z
785,ujuvckxpkqpx
786,ds4hslcs2teg
787,vgf5qodrdkvd
788,4gkhirqesen1
789,qqsfnwmx4rxs
790,cyutxanrejgv
791,g3ppvad5wrt3
792,qqtlh3fsmx4r
793,rxhzurg1ajbq
794,3a5xjsflhrif
795,byedcnzr3itn
796,vq4zepe21bne
797,whm5krxs3ics
798,i1m4ptfjjt4w
799,ryk1tcg4lneb
800,jkdsdsiotca5
801,eccu2q51l1pi
802,j1yschmhh44u
803,245vgfmuj5k5
804,xpsw4ctxmcdj
805,yvpqdcmz1fii
806,bbhr4k5jretp
807,5otihgz2f5en
808,ndfd3vw1jy3z
809,4q1ce5211dme
810,3zyoptc1p5vh
811,nwsaoody3l1l
812,4qknoa11habd
813,chkzosm5w34q
814,2vdjxwgz3cge
815,l5dicswwmw1z
816,i45jjq45lnph
817,x2jkfkyoqhaa
818,p1fc5qi4ecam
819,4qrmprxkdj1g
820,zn12xtkgrcau
821,5yqfnspwg4my
822,3orjtw4bgild
823,wx53kjsss4wc
824,jldnbqdw2juc
825,cabfy13q4kno
826,gfnlxnfzvpua
827,zejw5xgdglq2
828,idyczssahh2b
829,xfpla1otgydn
830,x4ypgtsyisa1
831,jt3ctpkvzl3z
832,klhjk2ys5vne
833,gb42bergwzpn
834,t4ljiwiwrq5s
835,bjxn25umbkyd
836,jvymyrh1sp1h
837,2v2kki15qzir
838,j1tmjdtqtokt
839,f3d3xkuekozd
840,1af4gv2nrpw5
841,2fegxteeensm
842,p5g1rfciiwgn
843,ckyl3i1sbkgs
844,oqwc3fgyyhbb
845,nkznbym3rtsq
846,qxjk2j5bpsqt
847,2krx2uapexug
848,vwxgaeku3zmn
849,l4giwklsbsdj
850,pgqyrnwuo5ev
851,h5j34pilblyz
852,pfcemddjinjv
853,l4ndjeejv3oi
854,a5n3fi43mb1k
855,ak3k4sukitsq
856,bihfeaupske1
857,4seld54pmofr
858,pxdhtwfhnmqt
859,3rzdj4e3mlii
860,u4lnwgvxdjhe
861,fx3afyynv1b1
862,ffrcikflwqts
863,foiht3arqxbr
864,t225diuo2hyz
865,jmmppuloxusp
866,s5y3bttnx5bn
867,dtxasn5t5qtw
868,icf2ns111f4w
869,5bwmmkbv4mwr
870,kn4jrlbbjfjd
871,5oamqyuvh52y
872,i3l1gbvalyqw
873,jxuiwucfqqpi
874,3wqsikgb4n1d
875,wzhrhmnwqxbl
876,dsfrm2mjwwwq
877,mmegoizz3gix
878,zpejevem4pst
879,eajs1dlpwmst
880,b3ulrtpwyw2j
881,bav5fytlleou
882,54uzgq5xbfru
883,k51fjv52e4ob
884,a54kkhoxmqnj
885,y2kva2nkhnh3
886,xnwahpqjq2er
887,p4cffdgh1fmw
888,lxa3ahokt4zf
889,xxdswe2zkdl5
890,dtxhynfmpvgs
891,mbtfaoytv31o
892,hsan341k2qfh
893,hoqymrzxxf1k
894,rcs4omcplk13
895,jtt33eq22eua
896,a1gfrwsnilrk
897,xi1yf4jipshe
898,h3xxglqbzcuw
899,2fcvuwkurrx1
900,x52yqgpil5ud
901,nxzbf3fz4brb
902,nckj42dit5sb
903,u3mxz5ddol5h
904,kcukdj5gyxzo
905,cklyt1ltgspx
906,d2iz1vgivqqm
907,1shj1xuisczb
908,h1bygnbudazq
909,4gtfg5wsve43
910,wghln4tpkpao
911,gkdrnfjaggwk
912,ro1rhpebylsn
913,j24mkhg2kkxu
914,41mxpjhpdkgo
915,42n1ydsfgw5i
916,ymzz3g3ibbkq
917,l3bxgn4uo1qp
918,jkjoe4owoop1
919,ez24yxfbuwf2
920,jlwbdec3w1ty
921,a4p1ymtiujbm
922,fovnfgugsubk
923,2tro1s1b3ib3
924,lpqy1gmkj1gm
925,xdxnyfze5o15
926,pkoe3g2owkx2
927,wuwjg1hmncbu
928,fpxeoyr1nreg
929,tkgraipwxdq1
930,tpzll1hudzjj
931,hrnbovoflatt
932,3vt3ryluhi4c
933,tkvp5ppf5gcz
934,4po1ovhem2y3
935,deldbrudnrzo
936,rz1sb2nkgdpt
937,dpelhjtrposk
938,gigbugxqftbz
939,bfhbjyjcvo3w
940,5ux2gs1iul1j
941,gokonp2fsznd
942,suuqxa2pl2pp
943,lnblfqny11qe
944,it1mqxag1jwb
945,ytz1zzyroran
946,4qrrhhqzyze3
947,42alvwxqgsho
948,i4audub35d4r
949,54qov3j1bldz
950,ai4xugiautsr
951,ytqbhob3jv4h
952,fbtumykssyjv
953,zfidc5igugik
954,ia3einsujirs
955,ke3ikfvawoge
956,kppo2xfhiru1
957,nc2tebbbh4gw
958,qndkqf3y4aqo
959,ujgs2xjsfzpg
960,uaigb4ummspb
961,mcpqnknx15hq
962,hllw2rowowaw
963,re3f454u2ryt
964,kmvyxwj1q5xa
965,pm4hg4m14hvj
966,qbwxdeohq2un
967,5gmusuah3iuw
968,njwqznh2zznh
969,lhiejrdq1t2p
970,4pmfh5luz4i1
971,i2hq4otgzpk3
972,danti5dzfv5o
973,uit1aag32bsm
974,aaaa41324132
975,wo3rsnvw4zvn
976,m4ilujs3gzdq
977,n2gwhu32qsvb
978,3v414p1kwbyr
979,wdt4nskjfzuq
980,xhmbzdrlzney
981,2cqtnp2iku4w
982,ssn3lofevlnx
983,afd4ctrpcer1
984,beirwpuugtkm
985,ycdzhtpheges
986,4lp3gnxrbfyc
987,cuizhi123451
